asof,ticker,expiry,T,type,strike,bid,ask,mid,spot,forward,r,q,open_interest
2026-06-26,SPY,2026-07-17,0.057534,put,620.0,0.39,0.4,0.395,728.99,734.2969,0.03663,-0.089443,24299
2026-06-26,SPY,2026-07-17,0.057534,put,625.0,0.42,0.43,0.425,728.99,734.2969,0.03663,-0.089443,5806
2026-06-26,SPY,2026-07-17,0.057534,put,630.0,0.45,0.47,0.45999999999999996,728.99,734.2969,0.03663,-0.089443,15034
2026-06-26,SPY,2026-07-17,0.057534,put,635.0,0.49,0.5,0.495,728.99,734.2969,0.03663,-0.089443,10619
2026-06-26,SPY,2026-07-17,0.057534,put,640.0,0.53,0.54,0.535,728.99,734.2969,0.03663,-0.089443,17200
2026-06-26,SPY,2026-07-17,0.057534,put,645.0,0.57,0.59,0.58,728.99,734.2969,0.03663,-0.089443,9084
2026-06-26,SPY,2026-07-17,0.057534,put,650.0,0.63,0.65,0.64,728.99,734.2969,0.03663,-0.089443,42090
2026-06-26,SPY,2026-07-17,0.057534,put,651.0,0.64,0.66,0.65,728.99,734.2969,0.03663,-0.089443,621
2026-06-26,SPY,2026-07-17,0.057534,put,652.0,0.65,0.68,0.665,728.99,734.2969,0.03663,-0.089443,705
2026-06-26,SPY,2026-07-17,0.057534,put,653.0,0.67,0.69,0.6799999999999999,728.99,734.2969,0.03663,-0.089443,1214
2026-06-26,SPY,2026-07-17,0.057534,put,654.0,0.68,0.7,0.69,728.99,734.2969,0.03663,-0.089443,265
2026-06-26,SPY,2026-07-17,0.057534,put,655.0,0.7,0.72,0.71,728.99,734.2969,0.03663,-0.089443,12786
2026-06-26,SPY,2026-07-17,0.057534,put,656.0,0.71,0.73,0.72,728.99,734.2969,0.03663,-0.089443,420
2026-06-26,SPY,2026-07-17,0.057534,put,657.0,0.73,0.75,0.74,728.99,734.2969,0.03663,-0.089443,556
2026-06-26,SPY,2026-07-17,0.057534,put,658.0,0.74,0.77,0.755,728.99,734.2969,0.03663,-0.089443,425
2026-06-26,SPY,2026-07-17,0.057534,put,659.0,0.76,0.78,0.77,728.99,734.2969,0.03663,-0.089443,622
2026-06-26,SPY,2026-07-17,0.057534,put,660.0,0.78,0.8,0.79,728.99,734.2969,0.03663,-0.089443,19188
2026-06-26,SPY,2026-07-17,0.057534,put,661.0,0.8,0.82,0.81,728.99,734.2969,0.03663,-0.089443,460
2026-06-26,SPY,2026-07-17,0.057534,put,662.0,0.82,0.84,0.83,728.99,734.2969,0.03663,-0.089443,176
2026-06-26,SPY,2026-07-17,0.057534,put,663.0,0.84,0.86,0.85,728.99,734.2969,0.03663,-0.089443,296
2026-06-26,SPY,2026-07-17,0.057534,put,664.0,0.86,0.88,0.87,728.99,734.2969,0.03663,-0.089443,797
2026-06-26,SPY,2026-07-17,0.057534,put,665.0,0.88,0.9,0.89,728.99,734.2969,0.03663,-0.089443,10901
2026-06-26,SPY,2026-07-17,0.057534,put,666.0,0.9,0.93,0.915,728.99,734.2969,0.03663,-0.089443,239
2026-06-26,SPY,2026-07-17,0.057534,put,667.0,0.93,0.95,0.94,728.99,734.2969,0.03663,-0.089443,361
2026-06-26,SPY,2026-07-17,0.057534,put,668.0,0.95,0.98,0.965,728.99,734.2969,0.03663,-0.089443,400
2026-06-26,SPY,2026-07-17,0.057534,put,669.0,0.98,1.0,0.99,728.99,734.2969,0.03663,-0.089443,501
2026-06-26,SPY,2026-07-17,0.057534,put,670.0,1.01,1.03,1.02,728.99,734.2969,0.03663,-0.089443,19355
2026-06-26,SPY,2026-07-17,0.057534,put,671.0,1.03,1.06,1.045,728.99,734.2969,0.03663,-0.089443,414
2026-06-26,SPY,2026-07-17,0.057534,put,672.0,1.06,1.09,1.0750000000000002,728.99,734.2969,0.03663,-0.089443,787
2026-06-26,SPY,2026-07-17,0.057534,put,673.0,1.1,1.12,1.11,728.99,734.2969,0.03663,-0.089443,180
2026-06-26,SPY,2026-07-17,0.057534,put,674.0,1.13,1.16,1.145,728.99,734.2969,0.03663,-0.089443,3802
2026-06-26,SPY,2026-07-17,0.057534,put,675.0,1.16,1.19,1.1749999999999998,728.99,734.2969,0.03663,-0.089443,15401
2026-06-26,SPY,2026-07-17,0.057534,put,676.0,1.2,1.23,1.2149999999999999,728.99,734.2969,0.03663,-0.089443,772
2026-06-26,SPY,2026-07-17,0.057534,put,677.0,1.24,1.27,1.255,728.99,734.2969,0.03663,-0.089443,497
2026-06-26,SPY,2026-07-17,0.057534,put,678.0,1.28,1.31,1.295,728.99,734.2969,0.03663,-0.089443,556
2026-06-26,SPY,2026-07-17,0.057534,put,679.0,1.32,1.35,1.335,728.99,734.2969,0.03663,-0.089443,358
2026-06-26,SPY,2026-07-17,0.057534,put,680.0,1.36,1.39,1.375,728.99,734.2969,0.03663,-0.089443,26229
2026-06-26,SPY,2026-07-17,0.057534,put,681.0,1.41,1.44,1.4249999999999998,728.99,734.2969,0.03663,-0.089443,989
2026-06-26,SPY,2026-07-17,0.057534,put,682.0,1.46,1.49,1.475,728.99,734.2969,0.03663,-0.089443,632
2026-06-26,SPY,2026-07-17,0.057534,put,683.0,1.51,1.54,1.525,728.99,734.2969,0.03663,-0.089443,1633
2026-06-26,SPY,2026-07-17,0.057534,put,684.0,1.56,1.59,1.5750000000000002,728.99,734.2969,0.03663,-0.089443,619
2026-06-26,SPY,2026-07-17,0.057534,put,685.0,1.61,1.65,1.63,728.99,734.2969,0.03663,-0.089443,20466
2026-06-26,SPY,2026-07-17,0.057534,put,686.0,1.67,1.71,1.69,728.99,734.2969,0.03663,-0.089443,885
2026-06-26,SPY,2026-07-17,0.057534,put,687.0,1.73,1.77,1.75,728.99,734.2969,0.03663,-0.089443,523
2026-06-26,SPY,2026-07-17,0.057534,put,688.0,1.79,1.83,1.81,728.99,734.2969,0.03663,-0.089443,526
2026-06-26,SPY,2026-07-17,0.057534,put,689.0,1.86,1.89,1.875,728.99,734.2969,0.03663,-0.089443,1187
2026-06-26,SPY,2026-07-17,0.057534,put,690.0,1.93,1.96,1.9449999999999998,728.99,734.2969,0.03663,-0.089443,39938
2026-06-26,SPY,2026-07-17,0.057534,put,691.0,2.0,2.04,2.02,728.99,734.2969,0.03663,-0.089443,2591
2026-06-26,SPY,2026-07-17,0.057534,put,692.0,2.07,2.11,2.09,728.99,734.2969,0.03663,-0.089443,7823
2026-06-26,SPY,2026-07-17,0.057534,put,693.0,2.15,2.19,2.17,728.99,734.2969,0.03663,-0.089443,1576
2026-06-26,SPY,2026-07-17,0.057534,put,694.0,2.23,2.27,2.25,728.99,734.2969,0.03663,-0.089443,6039
2026-06-26,SPY,2026-07-17,0.057534,put,695.0,2.32,2.36,2.34,728.99,734.2969,0.03663,-0.089443,20532
2026-06-26,SPY,2026-07-17,0.057534,put,696.0,2.41,2.45,2.43,728.99,734.2969,0.03663,-0.089443,9135
2026-06-26,SPY,2026-07-17,0.057534,put,697.0,2.5,2.54,2.52,728.99,734.2969,0.03663,-0.089443,1030
2026-06-26,SPY,2026-07-17,0.057534,put,698.0,2.6,2.64,2.62,728.99,734.2969,0.03663,-0.089443,19934
2026-06-26,SPY,2026-07-17,0.057534,put,699.0,2.7,2.75,2.725,728.99,734.2969,0.03663,-0.089443,899
2026-06-26,SPY,2026-07-17,0.057534,put,700.0,2.81,2.85,2.83,728.99,734.2969,0.03663,-0.089443,53633
2026-06-26,SPY,2026-07-17,0.057534,put,701.0,2.92,2.97,2.9450000000000003,728.99,734.2969,0.03663,-0.089443,1221
2026-06-26,SPY,2026-07-17,0.057534,put,702.0,3.04,3.09,3.065,728.99,734.2969,0.03663,-0.089443,16180
2026-06-26,SPY,2026-07-17,0.057534,put,703.0,3.16,3.21,3.185,728.99,734.2969,0.03663,-0.089443,9109
2026-06-26,SPY,2026-07-17,0.057534,put,704.0,3.29,3.34,3.315,728.99,734.2969,0.03663,-0.089443,9285
2026-06-26,SPY,2026-07-17,0.057534,put,705.0,3.42,3.47,3.4450000000000003,728.99,734.2969,0.03663,-0.089443,31992
2026-06-26,SPY,2026-07-17,0.057534,put,706.0,3.56,3.61,3.585,728.99,734.2969,0.03663,-0.089443,25967
2026-06-26,SPY,2026-07-17,0.057534,put,707.0,3.7,3.76,3.73,728.99,734.2969,0.03663,-0.089443,1733
2026-06-26,SPY,2026-07-17,0.057534,put,708.0,3.85,3.91,3.88,728.99,734.2969,0.03663,-0.089443,17019
2026-06-26,SPY,2026-07-17,0.057534,put,709.0,4.01,4.07,4.04,728.99,734.2969,0.03663,-0.089443,12408
2026-06-26,SPY,2026-07-17,0.057534,put,710.0,4.18,4.23,4.205,728.99,734.2969,0.03663,-0.089443,52465
2026-06-26,SPY,2026-07-17,0.057534,put,711.0,4.35,4.4,4.375,728.99,734.2969,0.03663,-0.089443,2435
2026-06-26,SPY,2026-07-17,0.057534,put,712.0,4.52,4.58,4.55,728.99,734.2969,0.03663,-0.089443,8883
2026-06-26,SPY,2026-07-17,0.057534,put,713.0,4.71,4.77,4.74,728.99,734.2969,0.03663,-0.089443,2304
2026-06-26,SPY,2026-07-17,0.057534,put,714.0,4.9,4.96,4.93,728.99,734.2969,0.03663,-0.089443,20632
2026-06-26,SPY,2026-07-17,0.057534,put,715.0,5.1,5.16,5.13,728.99,734.2969,0.03663,-0.089443,28876
2026-06-26,SPY,2026-07-17,0.057534,put,716.0,5.35,5.37,5.359999999999999,728.99,734.2969,0.03663,-0.089443,20332
2026-06-26,SPY,2026-07-17,0.057534,put,717.0,5.52,5.59,5.555,728.99,734.2969,0.03663,-0.089443,2666
2026-06-26,SPY,2026-07-17,0.057534,put,718.0,5.75,5.81,5.779999999999999,728.99,734.2969,0.03663,-0.089443,14610
2026-06-26,SPY,2026-07-17,0.057534,put,719.0,5.98,6.05,6.015000000000001,728.99,734.2969,0.03663,-0.089443,8211
2026-06-26,SPY,2026-07-17,0.057534,put,720.0,6.23,6.29,6.26,728.99,734.2969,0.03663,-0.089443,46609
2026-06-26,SPY,2026-07-17,0.057534,put,721.0,6.48,6.54,6.51,728.99,734.2969,0.03663,-0.089443,1599
2026-06-26,SPY,2026-07-17,0.057534,put,722.0,6.74,6.81,6.775,728.99,734.2969,0.03663,-0.089443,8902
2026-06-26,SPY,2026-07-17,0.057534,put,723.0,7.01,7.08,7.045,728.99,734.2969,0.03663,-0.089443,1410
2026-06-26,SPY,2026-07-17,0.057534,put,724.0,7.29,7.36,7.325,728.99,734.2969,0.03663,-0.089443,11531
2026-06-26,SPY,2026-07-17,0.057534,put,725.0,7.58,7.66,7.62,728.99,734.2969,0.03663,-0.089443,43287
2026-06-26,SPY,2026-07-17,0.057534,put,726.0,7.89,7.96,7.925,728.99,734.2969,0.03663,-0.089443,2456
2026-06-26,SPY,2026-07-17,0.057534,put,727.0,8.2,8.28,8.239999999999998,728.99,734.2969,0.03663,-0.089443,5191
2026-06-26,SPY,2026-07-17,0.057534,put,728.0,8.53,8.61,8.57,728.99,734.2969,0.03663,-0.089443,3810
2026-06-26,SPY,2026-07-17,0.057534,put,729.0,8.87,8.95,8.91,728.99,734.2969,0.03663,-0.089443,6292
2026-06-26,SPY,2026-07-17,0.057534,put,730.0,9.22,9.3,9.260000000000002,728.99,734.2969,0.03663,-0.089443,29837
2026-06-26,SPY,2026-07-17,0.057534,put,731.0,9.59,9.67,9.629999999999999,728.99,734.2969,0.03663,-0.089443,5180
2026-06-26,SPY,2026-07-17,0.057534,put,732.0,9.97,10.05,10.010000000000002,728.99,734.2969,0.03663,-0.089443,3027
2026-06-26,SPY,2026-07-17,0.057534,put,733.0,10.36,10.45,10.405,728.99,734.2969,0.03663,-0.089443,3569
2026-06-26,SPY,2026-07-17,0.057534,put,734.0,10.77,10.86,10.815,728.99,734.2969,0.03663,-0.089443,2613
2026-06-26,SPY,2026-07-17,0.057534,call,735.0,10.46,10.54,10.5,728.99,734.2969,0.03663,-0.089443,14878
2026-06-26,SPY,2026-07-17,0.057534,call,736.0,9.9,9.97,9.935,728.99,734.2969,0.03663,-0.089443,1412
2026-06-26,SPY,2026-07-17,0.057534,call,737.0,9.34,9.42,9.379999999999999,728.99,734.2969,0.03663,-0.089443,1906
2026-06-26,SPY,2026-07-17,0.057534,call,738.0,8.8,8.88,8.84,728.99,734.2969,0.03663,-0.089443,2252
2026-06-26,SPY,2026-07-17,0.057534,call,739.0,8.28,8.35,8.315,728.99,734.2969,0.03663,-0.089443,963
2026-06-26,SPY,2026-07-17,0.057534,call,740.0,7.77,7.85,7.81,728.99,734.2969,0.03663,-0.089443,14371
2026-06-26,SPY,2026-07-17,0.057534,call,741.0,7.28,7.35,7.3149999999999995,728.99,734.2969,0.03663,-0.089443,1227
2026-06-26,SPY,2026-07-17,0.057534,call,742.0,6.81,6.88,6.845,728.99,734.2969,0.03663,-0.089443,1767
2026-06-26,SPY,2026-07-17,0.057534,call,743.0,6.36,6.42,6.390000000000001,728.99,734.2969,0.03663,-0.089443,4849
2026-06-26,SPY,2026-07-17,0.057534,call,744.0,5.92,5.98,5.95,728.99,734.2969,0.03663,-0.089443,3003
2026-06-26,SPY,2026-07-17,0.057534,call,745.0,5.5,5.56,5.529999999999999,728.99,734.2969,0.03663,-0.089443,19265
2026-06-26,SPY,2026-07-17,0.057534,call,746.0,5.09,5.16,5.125,728.99,734.2969,0.03663,-0.089443,1484
2026-06-26,SPY,2026-07-17,0.057534,call,747.0,4.71,4.77,4.74,728.99,734.2969,0.03663,-0.089443,1958
2026-06-26,SPY,2026-07-17,0.057534,call,748.0,4.34,4.4,4.37,728.99,734.2969,0.03663,-0.089443,3763
2026-06-26,SPY,2026-07-17,0.057534,call,749.0,3.99,4.05,4.02,728.99,734.2969,0.03663,-0.089443,1903
2026-06-26,SPY,2026-07-17,0.057534,call,750.0,3.66,3.72,3.6900000000000004,728.99,734.2969,0.03663,-0.089443,28139
2026-06-26,SPY,2026-07-17,0.057534,call,751.0,3.35,3.4,3.375,728.99,734.2969,0.03663,-0.089443,2669
2026-06-26,SPY,2026-07-17,0.057534,call,752.0,3.05,3.11,3.08,728.99,734.2969,0.03663,-0.089443,3243
2026-06-26,SPY,2026-07-17,0.057534,call,753.0,2.78,2.83,2.8049999999999997,728.99,734.2969,0.03663,-0.089443,3337
2026-06-26,SPY,2026-07-17,0.057534,call,754.0,2.52,2.57,2.545,728.99,734.2969,0.03663,-0.089443,3703
2026-06-26,SPY,2026-07-17,0.057534,call,755.0,2.27,2.32,2.295,728.99,734.2969,0.03663,-0.089443,13247
2026-06-26,SPY,2026-07-17,0.057534,call,756.0,2.05,2.09,2.07,728.99,734.2969,0.03663,-0.089443,2792
2026-06-26,SPY,2026-07-17,0.057534,call,757.0,1.84,1.88,1.8599999999999999,728.99,734.2969,0.03663,-0.089443,3783
2026-06-26,SPY,2026-07-17,0.057534,call,758.0,1.65,1.69,1.67,728.99,734.2969,0.03663,-0.089443,3244
2026-06-26,SPY,2026-07-17,0.057534,call,759.0,1.47,1.5,1.4849999999999999,728.99,734.2969,0.03663,-0.089443,2638
2026-06-26,SPY,2026-07-17,0.057534,call,760.0,1.31,1.35,1.33,728.99,734.2969,0.03663,-0.089443,28775
2026-06-26,SPY,2026-07-17,0.057534,call,761.0,1.16,1.2,1.18,728.99,734.2969,0.03663,-0.089443,2130
2026-06-26,SPY,2026-07-17,0.057534,call,762.0,1.03,1.06,1.045,728.99,734.2969,0.03663,-0.089443,2662
2026-06-26,SPY,2026-07-17,0.057534,call,763.0,0.91,0.94,0.925,728.99,734.2969,0.03663,-0.089443,2560
2026-06-26,SPY,2026-07-17,0.057534,call,764.0,0.8,0.82,0.81,728.99,734.2969,0.03663,-0.089443,2502
2026-06-26,SPY,2026-07-17,0.057534,call,765.0,0.7,0.73,0.715,728.99,734.2969,0.03663,-0.089443,16190
2026-06-26,SPY,2026-07-17,0.057534,call,766.0,0.61,0.64,0.625,728.99,734.2969,0.03663,-0.089443,2883
2026-06-26,SPY,2026-07-17,0.057534,call,767.0,0.53,0.56,0.545,728.99,734.2969,0.03663,-0.089443,1975
2026-06-26,SPY,2026-07-17,0.057534,call,768.0,0.47,0.49,0.48,728.99,734.2969,0.03663,-0.089443,2573
2026-06-26,SPY,2026-07-17,0.057534,call,769.0,0.4,0.43,0.41500000000000004,728.99,734.2969,0.03663,-0.089443,3462
2026-06-26,SPY,2026-07-17,0.057534,call,770.0,0.35,0.38,0.365,728.99,734.2969,0.03663,-0.089443,23482
2026-06-26,SPY,2026-07-17,0.057534,call,771.0,0.31,0.33,0.32,728.99,734.2969,0.03663,-0.089443,1765
2026-06-26,SPY,2026-07-17,0.057534,call,772.0,0.27,0.29,0.28,728.99,734.2969,0.03663,-0.089443,1446
2026-06-26,SPY,2026-07-17,0.057534,call,773.0,0.23,0.25,0.24,728.99,734.2969,0.03663,-0.089443,2755
2026-06-26,SPY,2026-07-17,0.057534,call,774.0,0.2,0.22,0.21000000000000002,728.99,734.2969,0.03663,-0.089443,1850
2026-06-26,SPY,2026-07-17,0.057534,call,775.0,0.18,0.19,0.185,728.99,734.2969,0.03663,-0.089443,14737
2026-06-26,SPY,2026-07-17,0.057534,call,776.0,0.15,0.17,0.16,728.99,734.2969,0.03663,-0.089443,2037
2026-06-26,SPY,2026-07-17,0.057534,call,777.0,0.13,0.15,0.14,728.99,734.2969,0.03663,-0.089443,2317
2026-06-26,SPY,2026-07-17,0.057534,call,778.0,0.12,0.13,0.125,728.99,734.2969,0.03663,-0.089443,1729
2026-06-26,SPY,2026-07-17,0.057534,call,779.0,0.1,0.12,0.11,728.99,734.2969,0.03663,-0.089443,2167
2026-06-26,SPY,2026-07-17,0.057534,call,784.0,0.06,0.07,0.065,728.99,734.2969,0.03663,-0.089443,2352
2026-06-26,SPY,2026-07-17,0.057534,call,786.0,0.05,0.06,0.055,728.99,734.2969,0.03663,-0.089443,1537
2026-06-26,SPY,2026-07-31,0.09589,put,620.0,0.86,0.88,0.87,728.99,735.4636,0.03663,-0.05557,2231
2026-06-26,SPY,2026-07-31,0.09589,put,621.0,0.87,0.9,0.885,728.99,735.4636,0.03663,-0.05557,675
2026-06-26,SPY,2026-07-31,0.09589,put,622.0,0.89,0.91,0.9,728.99,735.4636,0.03663,-0.05557,145
2026-06-26,SPY,2026-07-31,0.09589,put,623.0,0.9,0.93,0.915,728.99,735.4636,0.03663,-0.05557,219
2026-06-26,SPY,2026-07-31,0.09589,put,624.0,0.91,0.94,0.925,728.99,735.4636,0.03663,-0.05557,262
2026-06-26,SPY,2026-07-31,0.09589,put,625.0,0.93,0.95,0.94,728.99,735.4636,0.03663,-0.05557,3234
2026-06-26,SPY,2026-07-31,0.09589,put,626.0,0.94,0.97,0.955,728.99,735.4636,0.03663,-0.05557,525
2026-06-26,SPY,2026-07-31,0.09589,put,627.0,0.96,0.98,0.97,728.99,735.4636,0.03663,-0.05557,519
2026-06-26,SPY,2026-07-31,0.09589,put,628.0,0.97,1.0,0.985,728.99,735.4636,0.03663,-0.05557,183
2026-06-26,SPY,2026-07-31,0.09589,put,629.0,0.99,1.02,1.005,728.99,735.4636,0.03663,-0.05557,370
2026-06-26,SPY,2026-07-31,0.09589,put,630.0,1.01,1.03,1.02,728.99,735.4636,0.03663,-0.05557,152188
2026-06-26,SPY,2026-07-31,0.09589,put,631.0,1.02,1.05,1.0350000000000001,728.99,735.4636,0.03663,-0.05557,555
2026-06-26,SPY,2026-07-31,0.09589,put,632.0,1.04,1.07,1.0550000000000002,728.99,735.4636,0.03663,-0.05557,143
2026-06-26,SPY,2026-07-31,0.09589,put,633.0,1.06,1.09,1.0750000000000002,728.99,735.4636,0.03663,-0.05557,314
2026-06-26,SPY,2026-07-31,0.09589,put,634.0,1.07,1.1,1.085,728.99,735.4636,0.03663,-0.05557,798
2026-06-26,SPY,2026-07-31,0.09589,put,635.0,1.09,1.12,1.105,728.99,735.4636,0.03663,-0.05557,806
2026-06-26,SPY,2026-07-31,0.09589,put,636.0,1.11,1.14,1.125,728.99,735.4636,0.03663,-0.05557,269
2026-06-26,SPY,2026-07-31,0.09589,put,637.0,1.13,1.16,1.145,728.99,735.4636,0.03663,-0.05557,635
2026-06-26,SPY,2026-07-31,0.09589,put,638.0,1.15,1.18,1.165,728.99,735.4636,0.03663,-0.05557,210
2026-06-26,SPY,2026-07-31,0.09589,put,639.0,1.17,1.2,1.185,728.99,735.4636,0.03663,-0.05557,689
2026-06-26,SPY,2026-07-31,0.09589,put,640.0,1.19,1.23,1.21,728.99,735.4636,0.03663,-0.05557,3315
2026-06-26,SPY,2026-07-31,0.09589,put,641.0,1.22,1.25,1.2349999999999999,728.99,735.4636,0.03663,-0.05557,246
2026-06-26,SPY,2026-07-31,0.09589,put,642.0,1.24,1.27,1.255,728.99,735.4636,0.03663,-0.05557,390
2026-06-26,SPY,2026-07-31,0.09589,put,643.0,1.26,1.29,1.275,728.99,735.4636,0.03663,-0.05557,84
2026-06-26,SPY,2026-07-31,0.09589,put,644.0,1.29,1.32,1.3050000000000002,728.99,735.4636,0.03663,-0.05557,778
2026-06-26,SPY,2026-07-31,0.09589,put,645.0,1.31,1.34,1.3250000000000002,728.99,735.4636,0.03663,-0.05557,16450
2026-06-26,SPY,2026-07-31,0.09589,put,646.0,1.34,1.37,1.355,728.99,735.4636,0.03663,-0.05557,227
2026-06-26,SPY,2026-07-31,0.09589,put,647.0,1.36,1.4,1.38,728.99,735.4636,0.03663,-0.05557,450
2026-06-26,SPY,2026-07-31,0.09589,put,648.0,1.39,1.42,1.4049999999999998,728.99,735.4636,0.03663,-0.05557,628
2026-06-26,SPY,2026-07-31,0.09589,put,649.0,1.42,1.45,1.435,728.99,735.4636,0.03663,-0.05557,460
2026-06-26,SPY,2026-07-31,0.09589,put,650.0,1.46,1.48,1.47,728.99,735.4636,0.03663,-0.05557,8324
2026-06-26,SPY,2026-07-31,0.09589,put,651.0,1.48,1.51,1.495,728.99,735.4636,0.03663,-0.05557,158
2026-06-26,SPY,2026-07-31,0.09589,put,652.0,1.51,1.54,1.525,728.99,735.4636,0.03663,-0.05557,817
2026-06-26,SPY,2026-07-31,0.09589,put,653.0,1.54,1.57,1.5550000000000002,728.99,735.4636,0.03663,-0.05557,315
2026-06-26,SPY,2026-07-31,0.09589,put,654.0,1.57,1.61,1.59,728.99,735.4636,0.03663,-0.05557,214
2026-06-26,SPY,2026-07-31,0.09589,put,655.0,1.61,1.64,1.625,728.99,735.4636,0.03663,-0.05557,1694
2026-06-26,SPY,2026-07-31,0.09589,put,656.0,1.64,1.68,1.66,728.99,735.4636,0.03663,-0.05557,313
2026-06-26,SPY,2026-07-31,0.09589,put,657.0,1.68,1.71,1.6949999999999998,728.99,735.4636,0.03663,-0.05557,291
2026-06-26,SPY,2026-07-31,0.09589,put,658.0,1.71,1.75,1.73,728.99,735.4636,0.03663,-0.05557,244
2026-06-26,SPY,2026-07-31,0.09589,put,659.0,1.75,1.79,1.77,728.99,735.4636,0.03663,-0.05557,572
2026-06-26,SPY,2026-07-31,0.09589,put,660.0,1.79,1.83,1.81,728.99,735.4636,0.03663,-0.05557,3358
2026-06-26,SPY,2026-07-31,0.09589,put,661.0,1.83,1.87,1.85,728.99,735.4636,0.03663,-0.05557,346
2026-06-26,SPY,2026-07-31,0.09589,put,662.0,1.88,1.91,1.895,728.99,735.4636,0.03663,-0.05557,137
2026-06-26,SPY,2026-07-31,0.09589,put,663.0,1.92,1.96,1.94,728.99,735.4636,0.03663,-0.05557,225
2026-06-26,SPY,2026-07-31,0.09589,put,664.0,1.96,2.0,1.98,728.99,735.4636,0.03663,-0.05557,838
2026-06-26,SPY,2026-07-31,0.09589,put,665.0,2.01,2.05,2.03,728.99,735.4636,0.03663,-0.05557,4504
2026-06-26,SPY,2026-07-31,0.09589,put,666.0,2.06,2.1,2.08,728.99,735.4636,0.03663,-0.05557,412
2026-06-26,SPY,2026-07-31,0.09589,put,667.0,2.1,2.15,2.125,728.99,735.4636,0.03663,-0.05557,384
2026-06-26,SPY,2026-07-31,0.09589,put,668.0,2.16,2.2,2.18,728.99,735.4636,0.03663,-0.05557,386
2026-06-26,SPY,2026-07-31,0.09589,put,669.0,2.21,2.25,2.23,728.99,735.4636,0.03663,-0.05557,523
2026-06-26,SPY,2026-07-31,0.09589,put,670.0,2.26,2.3,2.28,728.99,735.4636,0.03663,-0.05557,7292
2026-06-26,SPY,2026-07-31,0.09589,put,671.0,2.32,2.36,2.34,728.99,735.4636,0.03663,-0.05557,578
2026-06-26,SPY,2026-07-31,0.09589,put,672.0,2.38,2.42,2.4,728.99,735.4636,0.03663,-0.05557,417
2026-06-26,SPY,2026-07-31,0.09589,put,673.0,2.43,2.48,2.455,728.99,735.4636,0.03663,-0.05557,150
2026-06-26,SPY,2026-07-31,0.09589,put,674.0,2.5,2.54,2.52,728.99,735.4636,0.03663,-0.05557,340
2026-06-26,SPY,2026-07-31,0.09589,put,675.0,2.56,2.61,2.585,728.99,735.4636,0.03663,-0.05557,8760
2026-06-26,SPY,2026-07-31,0.09589,put,676.0,2.62,2.67,2.645,728.99,735.4636,0.03663,-0.05557,370
2026-06-26,SPY,2026-07-31,0.09589,put,677.0,2.69,2.74,2.715,728.99,735.4636,0.03663,-0.05557,518
2026-06-26,SPY,2026-07-31,0.09589,put,678.0,2.76,2.81,2.785,728.99,735.4636,0.03663,-0.05557,413
2026-06-26,SPY,2026-07-31,0.09589,put,679.0,2.83,2.88,2.855,728.99,735.4636,0.03663,-0.05557,588
2026-06-26,SPY,2026-07-31,0.09589,put,680.0,2.91,2.96,2.935,728.99,735.4636,0.03663,-0.05557,10669
2026-06-26,SPY,2026-07-31,0.09589,put,681.0,2.99,3.04,3.015,728.99,735.4636,0.03663,-0.05557,20212
2026-06-26,SPY,2026-07-31,0.09589,put,682.0,3.07,3.12,3.0949999999999998,728.99,735.4636,0.03663,-0.05557,18212
2026-06-26,SPY,2026-07-31,0.09589,put,683.0,3.15,3.2,3.175,728.99,735.4636,0.03663,-0.05557,354
2026-06-26,SPY,2026-07-31,0.09589,put,684.0,3.23,3.28,3.255,728.99,735.4636,0.03663,-0.05557,570
2026-06-26,SPY,2026-07-31,0.09589,put,685.0,3.32,3.37,3.3449999999999998,728.99,735.4636,0.03663,-0.05557,2402
2026-06-26,SPY,2026-07-31,0.09589,put,686.0,3.41,3.46,3.435,728.99,735.4636,0.03663,-0.05557,444
2026-06-26,SPY,2026-07-31,0.09589,put,687.0,3.5,3.56,3.5300000000000002,728.99,735.4636,0.03663,-0.05557,1304
2026-06-26,SPY,2026-07-31,0.09589,put,688.0,3.6,3.66,3.63,728.99,735.4636,0.03663,-0.05557,481
2026-06-26,SPY,2026-07-31,0.09589,put,689.0,3.7,3.76,3.73,728.99,735.4636,0.03663,-0.05557,403
2026-06-26,SPY,2026-07-31,0.09589,put,690.0,3.8,3.86,3.83,728.99,735.4636,0.03663,-0.05557,3375
2026-06-26,SPY,2026-07-31,0.09589,put,691.0,3.91,3.97,3.9400000000000004,728.99,735.4636,0.03663,-0.05557,743
2026-06-26,SPY,2026-07-31,0.09589,put,692.0,4.02,4.08,4.05,728.99,735.4636,0.03663,-0.05557,339
2026-06-26,SPY,2026-07-31,0.09589,put,693.0,4.14,4.19,4.165,728.99,735.4636,0.03663,-0.05557,428
2026-06-26,SPY,2026-07-31,0.09589,put,694.0,4.26,4.31,4.285,728.99,735.4636,0.03663,-0.05557,642
2026-06-26,SPY,2026-07-31,0.09589,put,695.0,4.38,4.44,4.41,728.99,735.4636,0.03663,-0.05557,14018
2026-06-26,SPY,2026-07-31,0.09589,put,696.0,4.5,4.56,4.529999999999999,728.99,735.4636,0.03663,-0.05557,375
2026-06-26,SPY,2026-07-31,0.09589,put,697.0,4.63,4.69,4.66,728.99,735.4636,0.03663,-0.05557,708
2026-06-26,SPY,2026-07-31,0.09589,put,698.0,4.77,4.83,4.8,728.99,735.4636,0.03663,-0.05557,407
2026-06-26,SPY,2026-07-31,0.09589,put,699.0,4.91,4.97,4.9399999999999995,728.99,735.4636,0.03663,-0.05557,1340
2026-06-26,SPY,2026-07-31,0.09589,put,700.0,5.05,5.11,5.08,728.99,735.4636,0.03663,-0.05557,16514
2026-06-26,SPY,2026-07-31,0.09589,put,701.0,5.2,5.26,5.23,728.99,735.4636,0.03663,-0.05557,717
2026-06-26,SPY,2026-07-31,0.09589,put,702.0,5.35,5.41,5.38,728.99,735.4636,0.03663,-0.05557,1158
2026-06-26,SPY,2026-07-31,0.09589,put,703.0,5.51,5.57,5.54,728.99,735.4636,0.03663,-0.05557,10304
2026-06-26,SPY,2026-07-31,0.09589,put,704.0,5.67,5.73,5.7,728.99,735.4636,0.03663,-0.05557,1438
2026-06-26,SPY,2026-07-31,0.09589,put,705.0,5.83,5.9,5.865,728.99,735.4636,0.03663,-0.05557,1482
2026-06-26,SPY,2026-07-31,0.09589,put,706.0,6.01,6.07,6.04,728.99,735.4636,0.03663,-0.05557,332
2026-06-26,SPY,2026-07-31,0.09589,put,707.0,6.19,6.25,6.220000000000001,728.99,735.4636,0.03663,-0.05557,1870
2026-06-26,SPY,2026-07-31,0.09589,put,708.0,6.37,6.44,6.405,728.99,735.4636,0.03663,-0.05557,395
2026-06-26,SPY,2026-07-31,0.09589,put,709.0,6.56,6.63,6.595,728.99,735.4636,0.03663,-0.05557,1222
2026-06-26,SPY,2026-07-31,0.09589,put,710.0,6.75,6.82,6.785,728.99,735.4636,0.03663,-0.05557,15908
2026-06-26,SPY,2026-07-31,0.09589,put,711.0,6.95,7.02,6.984999999999999,728.99,735.4636,0.03663,-0.05557,616
2026-06-26,SPY,2026-07-31,0.09589,put,712.0,7.16,7.23,7.195,728.99,735.4636,0.03663,-0.05557,439
2026-06-26,SPY,2026-07-31,0.09589,put,713.0,7.37,7.44,7.405,728.99,735.4636,0.03663,-0.05557,405
2026-06-26,SPY,2026-07-31,0.09589,put,714.0,7.59,7.66,7.625,728.99,735.4636,0.03663,-0.05557,772
2026-06-26,SPY,2026-07-31,0.09589,put,715.0,7.82,7.89,7.855,728.99,735.4636,0.03663,-0.05557,1449
2026-06-26,SPY,2026-07-31,0.09589,put,716.0,8.05,8.13,8.09,728.99,735.4636,0.03663,-0.05557,627
2026-06-26,SPY,2026-07-31,0.09589,put,717.0,8.29,8.37,8.329999999999998,728.99,735.4636,0.03663,-0.05557,821
2026-06-26,SPY,2026-07-31,0.09589,put,718.0,8.54,8.62,8.579999999999998,728.99,735.4636,0.03663,-0.05557,263
2026-06-26,SPY,2026-07-31,0.09589,put,719.0,8.79,8.87,8.829999999999998,728.99,735.4636,0.03663,-0.05557,427
2026-06-26,SPY,2026-07-31,0.09589,put,720.0,9.05,9.13,9.09,728.99,735.4636,0.03663,-0.05557,6474
2026-06-26,SPY,2026-07-31,0.09589,put,721.0,9.32,9.4,9.36,728.99,735.4636,0.03663,-0.05557,876
2026-06-26,SPY,2026-07-31,0.09589,put,722.0,9.6,9.69,9.645,728.99,735.4636,0.03663,-0.05557,576
2026-06-26,SPY,2026-07-31,0.09589,put,723.0,9.89,9.97,9.93,728.99,735.4636,0.03663,-0.05557,190
2026-06-26,SPY,2026-07-31,0.09589,put,724.0,10.18,10.27,10.225,728.99,735.4636,0.03663,-0.05557,284
2026-06-26,SPY,2026-07-31,0.09589,put,725.0,10.49,10.57,10.530000000000001,728.99,735.4636,0.03663,-0.05557,14724
2026-06-26,SPY,2026-07-31,0.09589,put,726.0,10.8,10.89,10.845,728.99,735.4636,0.03663,-0.05557,522
2026-06-26,SPY,2026-07-31,0.09589,put,727.0,11.12,11.21,11.165,728.99,735.4636,0.03663,-0.05557,1408
2026-06-26,SPY,2026-07-31,0.09589,put,728.0,11.45,11.55,11.5,728.99,735.4636,0.03663,-0.05557,388
2026-06-26,SPY,2026-07-31,0.09589,put,729.0,11.8,11.89,11.845,728.99,735.4636,0.03663,-0.05557,421
2026-06-26,SPY,2026-07-31,0.09589,put,730.0,12.15,12.24,12.195,728.99,735.4636,0.03663,-0.05557,10874
2026-06-26,SPY,2026-07-31,0.09589,put,731.0,12.51,12.61,12.559999999999999,728.99,735.4636,0.03663,-0.05557,537
2026-06-26,SPY,2026-07-31,0.09589,put,732.0,12.88,12.98,12.93,728.99,735.4636,0.03663,-0.05557,509
2026-06-26,SPY,2026-07-31,0.09589,put,733.0,13.27,13.37,13.32,728.99,735.4636,0.03663,-0.05557,594
2026-06-26,SPY,2026-07-31,0.09589,put,734.0,13.67,13.77,13.719999999999999,728.99,735.4636,0.03663,-0.05557,494
2026-06-26,SPY,2026-07-31,0.09589,put,735.0,14.08,14.18,14.129999999999999,728.99,735.4636,0.03663,-0.05557,16213
2026-06-26,SPY,2026-07-31,0.09589,call,736.0,13.92,14.01,13.965,728.99,735.4636,0.03663,-0.05557,691
2026-06-26,SPY,2026-07-31,0.09589,call,737.0,13.34,13.43,13.385,728.99,735.4636,0.03663,-0.05557,652
2026-06-26,SPY,2026-07-31,0.09589,call,738.0,12.77,12.86,12.815,728.99,735.4636,0.03663,-0.05557,381
2026-06-26,SPY,2026-07-31,0.09589,call,739.0,12.22,12.31,12.265,728.99,735.4636,0.03663,-0.05557,668
2026-06-26,SPY,2026-07-31,0.09589,call,740.0,11.68,11.76,11.719999999999999,728.99,735.4636,0.03663,-0.05557,2901
2026-06-26,SPY,2026-07-31,0.09589,call,741.0,11.15,11.23,11.190000000000001,728.99,735.4636,0.03663,-0.05557,687
2026-06-26,SPY,2026-07-31,0.09589,call,742.0,10.63,10.71,10.670000000000002,728.99,735.4636,0.03663,-0.05557,648
2026-06-26,SPY,2026-07-31,0.09589,call,743.0,10.12,10.21,10.165,728.99,735.4636,0.03663,-0.05557,402
2026-06-26,SPY,2026-07-31,0.09589,call,744.0,9.63,9.71,9.670000000000002,728.99,735.4636,0.03663,-0.05557,761
2026-06-26,SPY,2026-07-31,0.09589,call,745.0,9.15,9.23,9.190000000000001,728.99,735.4636,0.03663,-0.05557,7029
2026-06-26,SPY,2026-07-31,0.09589,call,746.0,8.69,8.77,8.73,728.99,735.4636,0.03663,-0.05557,608
2026-06-26,SPY,2026-07-31,0.09589,call,747.0,8.24,8.31,8.275,728.99,735.4636,0.03663,-0.05557,513
2026-06-26,SPY,2026-07-31,0.09589,call,748.0,7.8,7.87,7.835,728.99,735.4636,0.03663,-0.05557,822
2026-06-26,SPY,2026-07-31,0.09589,call,749.0,7.38,7.45,7.415,728.99,735.4636,0.03663,-0.05557,1496
2026-06-26,SPY,2026-07-31,0.09589,call,750.0,6.97,7.04,7.005,728.99,735.4636,0.03663,-0.05557,9192
2026-06-26,SPY,2026-07-31,0.09589,call,751.0,6.57,6.64,6.605,728.99,735.4636,0.03663,-0.05557,1484
2026-06-26,SPY,2026-07-31,0.09589,call,752.0,6.19,6.26,6.225,728.99,735.4636,0.03663,-0.05557,2447
2026-06-26,SPY,2026-07-31,0.09589,call,753.0,5.82,5.89,5.855,728.99,735.4636,0.03663,-0.05557,2427
2026-06-26,SPY,2026-07-31,0.09589,call,754.0,5.47,5.54,5.505,728.99,735.4636,0.03663,-0.05557,2272
2026-06-26,SPY,2026-07-31,0.09589,call,755.0,5.13,5.2,5.165,728.99,735.4636,0.03663,-0.05557,27831
2026-06-26,SPY,2026-07-31,0.09589,call,756.0,4.81,4.87,4.84,728.99,735.4636,0.03663,-0.05557,1044
2026-06-26,SPY,2026-07-31,0.09589,call,757.0,4.5,4.56,4.529999999999999,728.99,735.4636,0.03663,-0.05557,822
2026-06-26,SPY,2026-07-31,0.09589,call,758.0,4.2,4.26,4.23,728.99,735.4636,0.03663,-0.05557,3375
2026-06-26,SPY,2026-07-31,0.09589,call,759.0,3.92,3.98,3.95,728.99,735.4636,0.03663,-0.05557,1554
2026-06-26,SPY,2026-07-31,0.09589,call,760.0,3.65,3.71,3.6799999999999997,728.99,735.4636,0.03663,-0.05557,5377
2026-06-26,SPY,2026-07-31,0.09589,call,761.0,3.4,3.46,3.4299999999999997,728.99,735.4636,0.03663,-0.05557,963
2026-06-26,SPY,2026-07-31,0.09589,call,762.0,3.16,3.21,3.185,728.99,735.4636,0.03663,-0.05557,1532
2026-06-26,SPY,2026-07-31,0.09589,call,763.0,2.93,2.99,2.96,728.99,735.4636,0.03663,-0.05557,384
2026-06-26,SPY,2026-07-31,0.09589,call,764.0,2.72,2.77,2.745,728.99,735.4636,0.03663,-0.05557,744
2026-06-26,SPY,2026-07-31,0.09589,call,765.0,2.51,2.57,2.54,728.99,735.4636,0.03663,-0.05557,1724
2026-06-26,SPY,2026-07-31,0.09589,call,766.0,2.32,2.38,2.3499999999999996,728.99,735.4636,0.03663,-0.05557,560
2026-06-26,SPY,2026-07-31,0.09589,call,767.0,2.15,2.2,2.175,728.99,735.4636,0.03663,-0.05557,718
2026-06-26,SPY,2026-07-31,0.09589,call,768.0,1.98,2.03,2.005,728.99,735.4636,0.03663,-0.05557,547
2026-06-26,SPY,2026-07-31,0.09589,call,769.0,1.82,1.87,1.8450000000000002,728.99,735.4636,0.03663,-0.05557,476
2026-06-26,SPY,2026-07-31,0.09589,call,770.0,1.68,1.73,1.705,728.99,735.4636,0.03663,-0.05557,3751
2026-06-26,SPY,2026-07-31,0.09589,call,771.0,1.54,1.59,1.565,728.99,735.4636,0.03663,-0.05557,869
2026-06-26,SPY,2026-07-31,0.09589,call,772.0,1.42,1.46,1.44,728.99,735.4636,0.03663,-0.05557,403
2026-06-26,SPY,2026-07-31,0.09589,call,773.0,1.3,1.34,1.32,728.99,735.4636,0.03663,-0.05557,335
2026-06-26,SPY,2026-07-31,0.09589,call,774.0,1.19,1.24,1.2149999999999999,728.99,735.4636,0.03663,-0.05557,913
2026-06-26,SPY,2026-07-31,0.09589,call,775.0,1.09,1.13,1.1099999999999999,728.99,735.4636,0.03663,-0.05557,3614
2026-06-26,SPY,2026-07-31,0.09589,call,776.0,1.0,1.04,1.02,728.99,735.4636,0.03663,-0.05557,311
2026-06-26,SPY,2026-07-31,0.09589,call,777.0,0.92,0.95,0.935,728.99,735.4636,0.03663,-0.05557,520
2026-06-26,SPY,2026-07-31,0.09589,call,778.0,0.84,0.87,0.855,728.99,735.4636,0.03663,-0.05557,660
2026-06-26,SPY,2026-07-31,0.09589,call,779.0,0.77,0.8,0.785,728.99,735.4636,0.03663,-0.05557,711
2026-06-26,SPY,2026-07-31,0.09589,call,780.0,0.7,0.73,0.715,728.99,735.4636,0.03663,-0.05557,3509
2026-06-26,SPY,2026-07-31,0.09589,call,781.0,0.64,0.67,0.655,728.99,735.4636,0.03663,-0.05557,442
2026-06-26,SPY,2026-07-31,0.09589,call,782.0,0.58,0.61,0.595,728.99,735.4636,0.03663,-0.05557,647
2026-06-26,SPY,2026-07-31,0.09589,call,783.0,0.53,0.56,0.545,728.99,735.4636,0.03663,-0.05557,592
2026-06-26,SPY,2026-07-31,0.09589,call,784.0,0.48,0.51,0.495,728.99,735.4636,0.03663,-0.05557,1382
2026-06-26,SPY,2026-07-31,0.09589,call,785.0,0.44,0.47,0.45499999999999996,728.99,735.4636,0.03663,-0.05557,2112
2026-06-26,SPY,2026-07-31,0.09589,call,786.0,0.4,0.43,0.41500000000000004,728.99,735.4636,0.03663,-0.05557,460
2026-06-26,SPY,2026-07-31,0.09589,call,787.0,0.37,0.39,0.38,728.99,735.4636,0.03663,-0.05557,353
2026-06-26,SPY,2026-07-31,0.09589,call,788.0,0.33,0.36,0.345,728.99,735.4636,0.03663,-0.05557,1072
2026-06-26,SPY,2026-07-31,0.09589,call,789.0,0.3,0.33,0.315,728.99,735.4636,0.03663,-0.05557,940
2026-06-26,SPY,2026-07-31,0.09589,call,790.0,0.28,0.3,0.29000000000000004,728.99,735.4636,0.03663,-0.05557,1742
2026-06-26,SPY,2026-07-31,0.09589,call,791.0,0.25,0.28,0.265,728.99,735.4636,0.03663,-0.05557,385
2026-06-26,SPY,2026-07-31,0.09589,call,792.0,0.23,0.25,0.24,728.99,735.4636,0.03663,-0.05557,548
2026-06-26,SPY,2026-07-31,0.09589,call,793.0,0.21,0.23,0.22,728.99,735.4636,0.03663,-0.05557,681
2026-06-26,SPY,2026-07-31,0.09589,call,794.0,0.2,0.21,0.20500000000000002,728.99,735.4636,0.03663,-0.05557,1576
2026-06-26,SPY,2026-07-31,0.09589,call,795.0,0.18,0.2,0.19,728.99,735.4636,0.03663,-0.05557,2204
2026-06-26,SPY,2026-07-31,0.09589,call,796.0,0.16,0.18,0.16999999999999998,728.99,735.4636,0.03663,-0.05557,702
2026-06-26,SPY,2026-07-31,0.09589,call,797.0,0.15,0.17,0.16,728.99,735.4636,0.03663,-0.05557,366
2026-06-26,SPY,2026-07-31,0.09589,call,798.0,0.14,0.16,0.15000000000000002,728.99,735.4636,0.03663,-0.05557,117
2026-06-26,SPY,2026-07-31,0.09589,call,799.0,0.13,0.15,0.14,728.99,735.4636,0.03663,-0.05557,351
2026-06-26,SPY,2026-07-31,0.09589,call,800.0,0.12,0.14,0.13,728.99,735.4636,0.03663,-0.05557,7188
2026-06-26,SPY,2026-07-31,0.09589,call,810.0,0.06,0.07,0.065,728.99,735.4636,0.03663,-0.05557,1725
2026-06-26,SPY,2026-08-21,0.153425,put,620.0,1.74,1.78,1.76,728.99,737.1847,0.03663,-0.036229,12706
2026-06-26,SPY,2026-08-21,0.153425,put,625.0,1.88,1.92,1.9,728.99,737.1847,0.03663,-0.036229,6087
2026-06-26,SPY,2026-08-21,0.153425,put,630.0,2.03,2.07,2.05,728.99,737.1847,0.03663,-0.036229,108348
2026-06-26,SPY,2026-08-21,0.153425,put,635.0,2.2,2.24,2.22,728.99,737.1847,0.03663,-0.036229,9877
2026-06-26,SPY,2026-08-21,0.153425,put,640.0,2.39,2.43,2.41,728.99,737.1847,0.03663,-0.036229,6989
2026-06-26,SPY,2026-08-21,0.153425,put,645.0,2.6,2.64,2.62,728.99,737.1847,0.03663,-0.036229,4467
2026-06-26,SPY,2026-08-21,0.153425,put,650.0,2.83,2.88,2.855,728.99,737.1847,0.03663,-0.036229,11615
2026-06-26,SPY,2026-08-21,0.153425,put,651.0,2.88,2.93,2.9050000000000002,728.99,737.1847,0.03663,-0.036229,218
2026-06-26,SPY,2026-08-21,0.153425,put,652.0,2.93,2.99,2.96,728.99,737.1847,0.03663,-0.036229,252
2026-06-26,SPY,2026-08-21,0.153425,put,653.0,2.99,3.04,3.015,728.99,737.1847,0.03663,-0.036229,384
2026-06-26,SPY,2026-08-21,0.153425,put,654.0,3.04,3.09,3.065,728.99,737.1847,0.03663,-0.036229,243
2026-06-26,SPY,2026-08-21,0.153425,put,655.0,3.1,3.15,3.125,728.99,737.1847,0.03663,-0.036229,6329
2026-06-26,SPY,2026-08-21,0.153425,put,656.0,3.15,3.21,3.1799999999999997,728.99,737.1847,0.03663,-0.036229,213
2026-06-26,SPY,2026-08-21,0.153425,put,657.0,3.21,3.26,3.235,728.99,737.1847,0.03663,-0.036229,230
2026-06-26,SPY,2026-08-21,0.153425,put,658.0,3.27,3.32,3.295,728.99,737.1847,0.03663,-0.036229,194
2026-06-26,SPY,2026-08-21,0.153425,put,659.0,3.33,3.39,3.3600000000000003,728.99,737.1847,0.03663,-0.036229,749
2026-06-26,SPY,2026-08-21,0.153425,put,660.0,3.39,3.45,3.42,728.99,737.1847,0.03663,-0.036229,7733
2026-06-26,SPY,2026-08-21,0.153425,put,661.0,3.46,3.51,3.485,728.99,737.1847,0.03663,-0.036229,471
2026-06-26,SPY,2026-08-21,0.153425,put,662.0,3.52,3.58,3.55,728.99,737.1847,0.03663,-0.036229,422
2026-06-26,SPY,2026-08-21,0.153425,put,663.0,3.59,3.65,3.62,728.99,737.1847,0.03663,-0.036229,386
2026-06-26,SPY,2026-08-21,0.153425,put,664.0,3.66,3.71,3.685,728.99,737.1847,0.03663,-0.036229,288
2026-06-26,SPY,2026-08-21,0.153425,put,665.0,3.73,3.79,3.76,728.99,737.1847,0.03663,-0.036229,4900
2026-06-26,SPY,2026-08-21,0.153425,put,666.0,3.8,3.86,3.83,728.99,737.1847,0.03663,-0.036229,418
2026-06-26,SPY,2026-08-21,0.153425,put,667.0,3.87,3.93,3.9000000000000004,728.99,737.1847,0.03663,-0.036229,503
2026-06-26,SPY,2026-08-21,0.153425,put,668.0,3.95,4.01,3.98,728.99,737.1847,0.03663,-0.036229,448
2026-06-26,SPY,2026-08-21,0.153425,put,669.0,4.03,4.09,4.0600000000000005,728.99,737.1847,0.03663,-0.036229,727
2026-06-26,SPY,2026-08-21,0.153425,put,670.0,4.11,4.17,4.140000000000001,728.99,737.1847,0.03663,-0.036229,6208
2026-06-26,SPY,2026-08-21,0.153425,put,671.0,4.19,4.25,4.220000000000001,728.99,737.1847,0.03663,-0.036229,574
2026-06-26,SPY,2026-08-21,0.153425,put,672.0,4.27,4.33,4.3,728.99,737.1847,0.03663,-0.036229,865
2026-06-26,SPY,2026-08-21,0.153425,put,673.0,4.36,4.42,4.390000000000001,728.99,737.1847,0.03663,-0.036229,817
2026-06-26,SPY,2026-08-21,0.153425,put,674.0,4.44,4.51,4.475,728.99,737.1847,0.03663,-0.036229,410
2026-06-26,SPY,2026-08-21,0.153425,put,675.0,4.53,4.6,4.5649999999999995,728.99,737.1847,0.03663,-0.036229,10425
2026-06-26,SPY,2026-08-21,0.153425,put,676.0,4.62,4.69,4.655,728.99,737.1847,0.03663,-0.036229,826
2026-06-26,SPY,2026-08-21,0.153425,put,677.0,4.72,4.78,4.75,728.99,737.1847,0.03663,-0.036229,513
2026-06-26,SPY,2026-08-21,0.153425,put,678.0,4.81,4.88,4.845,728.99,737.1847,0.03663,-0.036229,460
2026-06-26,SPY,2026-08-21,0.153425,put,679.0,4.91,4.98,4.945,728.99,737.1847,0.03663,-0.036229,440
2026-06-26,SPY,2026-08-21,0.153425,put,680.0,5.01,5.08,5.045,728.99,737.1847,0.03663,-0.036229,6948
2026-06-26,SPY,2026-08-21,0.153425,put,681.0,5.12,5.19,5.155,728.99,737.1847,0.03663,-0.036229,646
2026-06-26,SPY,2026-08-21,0.153425,put,682.0,5.23,5.29,5.26,728.99,737.1847,0.03663,-0.036229,584
2026-06-26,SPY,2026-08-21,0.153425,put,683.0,5.34,5.4,5.37,728.99,737.1847,0.03663,-0.036229,543
2026-06-26,SPY,2026-08-21,0.153425,put,684.0,5.45,5.52,5.484999999999999,728.99,737.1847,0.03663,-0.036229,540
2026-06-26,SPY,2026-08-21,0.153425,put,685.0,5.56,5.63,5.595,728.99,737.1847,0.03663,-0.036229,4140
2026-06-26,SPY,2026-08-21,0.153425,put,686.0,5.68,5.75,5.715,728.99,737.1847,0.03663,-0.036229,465
2026-06-26,SPY,2026-08-21,0.153425,put,687.0,5.8,5.87,5.835,728.99,737.1847,0.03663,-0.036229,671
2026-06-26,SPY,2026-08-21,0.153425,put,688.0,5.92,6.0,5.96,728.99,737.1847,0.03663,-0.036229,668
2026-06-26,SPY,2026-08-21,0.153425,put,689.0,6.05,6.12,6.085,728.99,737.1847,0.03663,-0.036229,385
2026-06-26,SPY,2026-08-21,0.153425,put,690.0,6.18,6.25,6.215,728.99,737.1847,0.03663,-0.036229,12646
2026-06-26,SPY,2026-08-21,0.153425,put,691.0,6.31,6.39,6.35,728.99,737.1847,0.03663,-0.036229,1131
2026-06-26,SPY,2026-08-21,0.153425,put,692.0,6.45,6.53,6.49,728.99,737.1847,0.03663,-0.036229,594
2026-06-26,SPY,2026-08-21,0.153425,put,693.0,6.59,6.67,6.63,728.99,737.1847,0.03663,-0.036229,585
2026-06-26,SPY,2026-08-21,0.153425,put,694.0,6.74,6.81,6.775,728.99,737.1847,0.03663,-0.036229,518
2026-06-26,SPY,2026-08-21,0.153425,put,695.0,6.88,6.96,6.92,728.99,737.1847,0.03663,-0.036229,4468
2026-06-26,SPY,2026-08-21,0.153425,put,696.0,7.03,7.11,7.07,728.99,737.1847,0.03663,-0.036229,836
2026-06-26,SPY,2026-08-21,0.153425,put,697.0,7.19,7.27,7.23,728.99,737.1847,0.03663,-0.036229,476
2026-06-26,SPY,2026-08-21,0.153425,put,698.0,7.35,7.42,7.385,728.99,737.1847,0.03663,-0.036229,1118
2026-06-26,SPY,2026-08-21,0.153425,put,699.0,7.51,7.59,7.55,728.99,737.1847,0.03663,-0.036229,597
2026-06-26,SPY,2026-08-21,0.153425,put,700.0,7.68,7.75,7.715,728.99,737.1847,0.03663,-0.036229,31591
2026-06-26,SPY,2026-08-21,0.153425,put,701.0,7.85,7.93,7.89,728.99,737.1847,0.03663,-0.036229,1576
2026-06-26,SPY,2026-08-21,0.153425,put,702.0,8.03,8.1,8.065,728.99,737.1847,0.03663,-0.036229,699
2026-06-26,SPY,2026-08-21,0.153425,put,703.0,8.21,8.29,8.25,728.99,737.1847,0.03663,-0.036229,610
2026-06-26,SPY,2026-08-21,0.153425,put,704.0,8.39,8.47,8.43,728.99,737.1847,0.03663,-0.036229,1138
2026-06-26,SPY,2026-08-21,0.153425,put,705.0,8.58,8.66,8.620000000000001,728.99,737.1847,0.03663,-0.036229,7287
2026-06-26,SPY,2026-08-21,0.153425,put,706.0,8.77,8.86,8.815,728.99,737.1847,0.03663,-0.036229,695
2026-06-26,SPY,2026-08-21,0.153425,put,707.0,8.97,9.05,9.010000000000002,728.99,737.1847,0.03663,-0.036229,409
2026-06-26,SPY,2026-08-21,0.153425,put,708.0,9.17,9.26,9.215,728.99,737.1847,0.03663,-0.036229,772
2026-06-26,SPY,2026-08-21,0.153425,put,709.0,9.38,9.47,9.425,728.99,737.1847,0.03663,-0.036229,619
2026-06-26,SPY,2026-08-21,0.153425,put,710.0,9.6,9.68,9.64,728.99,737.1847,0.03663,-0.036229,19208
2026-06-26,SPY,2026-08-21,0.153425,put,711.0,9.82,9.9,9.86,728.99,737.1847,0.03663,-0.036229,535
2026-06-26,SPY,2026-08-21,0.153425,put,712.0,10.04,10.13,10.085,728.99,737.1847,0.03663,-0.036229,1086
2026-06-26,SPY,2026-08-21,0.153425,put,713.0,10.27,10.36,10.315,728.99,737.1847,0.03663,-0.036229,1011
2026-06-26,SPY,2026-08-21,0.153425,put,714.0,10.51,10.6,10.555,728.99,737.1847,0.03663,-0.036229,720
2026-06-26,SPY,2026-08-21,0.153425,put,715.0,10.75,10.84,10.795,728.99,737.1847,0.03663,-0.036229,11696
2026-06-26,SPY,2026-08-21,0.153425,put,716.0,11.0,11.09,11.045,728.99,737.1847,0.03663,-0.036229,616
2026-06-26,SPY,2026-08-21,0.153425,put,717.0,11.25,11.35,11.3,728.99,737.1847,0.03663,-0.036229,511
2026-06-26,SPY,2026-08-21,0.153425,put,718.0,11.51,11.61,11.559999999999999,728.99,737.1847,0.03663,-0.036229,571
2026-06-26,SPY,2026-08-21,0.153425,put,719.0,11.78,11.88,11.83,728.99,737.1847,0.03663,-0.036229,874
2026-06-26,SPY,2026-08-21,0.153425,put,720.0,12.06,12.15,12.105,728.99,737.1847,0.03663,-0.036229,31233
2026-06-26,SPY,2026-08-21,0.153425,put,721.0,12.34,12.44,12.39,728.99,737.1847,0.03663,-0.036229,715
2026-06-26,SPY,2026-08-21,0.153425,put,722.0,12.62,12.72,12.67,728.99,737.1847,0.03663,-0.036229,1727
2026-06-26,SPY,2026-08-21,0.153425,put,723.0,12.92,13.02,12.969999999999999,728.99,737.1847,0.03663,-0.036229,532
2026-06-26,SPY,2026-08-21,0.153425,put,724.0,13.22,13.32,13.27,728.99,737.1847,0.03663,-0.036229,911
2026-06-26,SPY,2026-08-21,0.153425,put,725.0,13.53,13.64,13.585,728.99,737.1847,0.03663,-0.036229,11092
2026-06-26,SPY,2026-08-21,0.153425,put,726.0,13.85,13.96,13.905000000000001,728.99,737.1847,0.03663,-0.036229,810
2026-06-26,SPY,2026-08-21,0.153425,put,727.0,14.18,14.28,14.23,728.99,737.1847,0.03663,-0.036229,1553
2026-06-26,SPY,2026-08-21,0.153425,put,728.0,14.51,14.62,14.565,728.99,737.1847,0.03663,-0.036229,556
2026-06-26,SPY,2026-08-21,0.153425,put,729.0,14.85,14.96,14.905000000000001,728.99,737.1847,0.03663,-0.036229,1376
2026-06-26,SPY,2026-08-21,0.153425,put,730.0,15.2,15.31,15.254999999999999,728.99,737.1847,0.03663,-0.036229,20040
2026-06-26,SPY,2026-08-21,0.153425,put,731.0,15.56,15.68,15.620000000000001,728.99,737.1847,0.03663,-0.036229,564
2026-06-26,SPY,2026-08-21,0.153425,put,732.0,15.93,16.04,15.985,728.99,737.1847,0.03663,-0.036229,754
2026-06-26,SPY,2026-08-21,0.153425,put,733.0,16.31,16.42,16.365000000000002,728.99,737.1847,0.03663,-0.036229,707
2026-06-26,SPY,2026-08-21,0.153425,put,734.0,16.69,16.81,16.75,728.99,737.1847,0.03663,-0.036229,802
2026-06-26,SPY,2026-08-21,0.153425,put,735.0,17.09,17.21,17.15,728.99,737.1847,0.03663,-0.036229,32988
2026-06-26,SPY,2026-08-21,0.153425,put,736.0,17.5,17.62,17.560000000000002,728.99,737.1847,0.03663,-0.036229,1243
2026-06-26,SPY,2026-08-21,0.153425,put,737.0,17.91,18.03,17.97,728.99,737.1847,0.03663,-0.036229,751
2026-06-26,SPY,2026-08-21,0.153425,call,738.0,17.39,17.49,17.439999999999998,728.99,737.1847,0.03663,-0.036229,294
2026-06-26,SPY,2026-08-21,0.153425,call,739.0,16.8,16.91,16.855,728.99,737.1847,0.03663,-0.036229,495
2026-06-26,SPY,2026-08-21,0.153425,call,740.0,16.23,16.33,16.28,728.99,737.1847,0.03663,-0.036229,5051
2026-06-26,SPY,2026-08-21,0.153425,call,741.0,15.67,15.77,15.719999999999999,728.99,737.1847,0.03663,-0.036229,1285
2026-06-26,SPY,2026-08-21,0.153425,call,742.0,15.12,15.22,15.17,728.99,737.1847,0.03663,-0.036229,720
2026-06-26,SPY,2026-08-21,0.153425,call,743.0,14.58,14.68,14.629999999999999,728.99,737.1847,0.03663,-0.036229,786
2026-06-26,SPY,2026-08-21,0.153425,call,744.0,14.05,14.15,14.100000000000001,728.99,737.1847,0.03663,-0.036229,664
2026-06-26,SPY,2026-08-21,0.153425,call,745.0,13.53,13.59,13.559999999999999,728.99,737.1847,0.03663,-0.036229,12002
2026-06-26,SPY,2026-08-21,0.153425,call,746.0,13.02,13.11,13.065,728.99,737.1847,0.03663,-0.036229,523
2026-06-26,SPY,2026-08-21,0.153425,call,747.0,12.52,12.61,12.565,728.99,737.1847,0.03663,-0.036229,288
2026-06-26,SPY,2026-08-21,0.153425,call,748.0,12.03,12.13,12.08,728.99,737.1847,0.03663,-0.036229,613
2026-06-26,SPY,2026-08-21,0.153425,call,749.0,11.56,11.65,11.605,728.99,737.1847,0.03663,-0.036229,737
2026-06-26,SPY,2026-08-21,0.153425,call,750.0,11.1,11.18,11.14,728.99,737.1847,0.03663,-0.036229,12835
2026-06-26,SPY,2026-08-21,0.153425,call,751.0,10.64,10.73,10.685,728.99,737.1847,0.03663,-0.036229,1193
2026-06-26,SPY,2026-08-21,0.153425,call,752.0,10.19,10.28,10.235,728.99,737.1847,0.03663,-0.036229,3639
2026-06-26,SPY,2026-08-21,0.153425,call,753.0,9.76,9.85,9.805,728.99,737.1847,0.03663,-0.036229,1160
2026-06-26,SPY,2026-08-21,0.153425,call,754.0,9.34,9.43,9.385,728.99,737.1847,0.03663,-0.036229,1778
2026-06-26,SPY,2026-08-21,0.153425,call,755.0,8.93,9.02,8.975,728.99,737.1847,0.03663,-0.036229,3667
2026-06-26,SPY,2026-08-21,0.153425,call,756.0,8.54,8.62,8.579999999999998,728.99,737.1847,0.03663,-0.036229,1456
2026-06-26,SPY,2026-08-21,0.153425,call,757.0,8.15,8.24,8.195,728.99,737.1847,0.03663,-0.036229,1351
2026-06-26,SPY,2026-08-21,0.153425,call,758.0,7.78,7.86,7.82,728.99,737.1847,0.03663,-0.036229,826
2026-06-26,SPY,2026-08-21,0.153425,call,759.0,7.42,7.5,7.46,728.99,737.1847,0.03663,-0.036229,716
2026-06-26,SPY,2026-08-21,0.153425,call,760.0,7.07,7.15,7.11,728.99,737.1847,0.03663,-0.036229,12629
2026-06-26,SPY,2026-08-21,0.153425,call,761.0,6.74,6.82,6.78,728.99,737.1847,0.03663,-0.036229,1208
2026-06-26,SPY,2026-08-21,0.153425,call,762.0,6.41,6.49,6.45,728.99,737.1847,0.03663,-0.036229,1987
2026-06-26,SPY,2026-08-21,0.153425,call,763.0,6.1,6.18,6.14,728.99,737.1847,0.03663,-0.036229,1042
2026-06-26,SPY,2026-08-21,0.153425,call,764.0,5.8,5.87,5.835,728.99,737.1847,0.03663,-0.036229,989
2026-06-26,SPY,2026-08-21,0.153425,call,765.0,5.51,5.58,5.545,728.99,737.1847,0.03663,-0.036229,4323
2026-06-26,SPY,2026-08-21,0.153425,call,766.0,5.23,5.3,5.265000000000001,728.99,737.1847,0.03663,-0.036229,935
2026-06-26,SPY,2026-08-21,0.153425,call,767.0,4.96,5.03,4.995,728.99,737.1847,0.03663,-0.036229,1315
2026-06-26,SPY,2026-08-21,0.153425,call,768.0,4.7,4.77,4.734999999999999,728.99,737.1847,0.03663,-0.036229,1138
2026-06-26,SPY,2026-08-21,0.153425,call,769.0,4.45,4.52,4.484999999999999,728.99,737.1847,0.03663,-0.036229,792
2026-06-26,SPY,2026-08-21,0.153425,call,770.0,4.22,4.28,4.25,728.99,737.1847,0.03663,-0.036229,11197
2026-06-26,SPY,2026-08-21,0.153425,call,771.0,3.99,4.06,4.025,728.99,737.1847,0.03663,-0.036229,3028
2026-06-26,SPY,2026-08-21,0.153425,call,772.0,3.77,3.84,3.8049999999999997,728.99,737.1847,0.03663,-0.036229,1403
2026-06-26,SPY,2026-08-21,0.153425,call,773.0,3.56,3.63,3.5949999999999998,728.99,737.1847,0.03663,-0.036229,931
2026-06-26,SPY,2026-08-21,0.153425,call,774.0,3.37,3.43,3.4000000000000004,728.99,737.1847,0.03663,-0.036229,661
2026-06-26,SPY,2026-08-21,0.153425,call,775.0,3.18,3.24,3.21,728.99,737.1847,0.03663,-0.036229,2930
2026-06-26,SPY,2026-08-21,0.153425,call,776.0,2.99,3.06,3.0250000000000004,728.99,737.1847,0.03663,-0.036229,963
2026-06-26,SPY,2026-08-21,0.153425,call,777.0,2.82,2.88,2.8499999999999996,728.99,737.1847,0.03663,-0.036229,1572
2026-06-26,SPY,2026-08-21,0.153425,call,778.0,2.66,2.72,2.6900000000000004,728.99,737.1847,0.03663,-0.036229,1394
2026-06-26,SPY,2026-08-21,0.153425,call,779.0,2.5,2.56,2.5300000000000002,728.99,737.1847,0.03663,-0.036229,1204
2026-06-26,SPY,2026-08-21,0.153425,call,780.0,2.36,2.41,2.385,728.99,737.1847,0.03663,-0.036229,13863
2026-06-26,SPY,2026-08-21,0.153425,call,781.0,2.21,2.27,2.24,728.99,737.1847,0.03663,-0.036229,1049
2026-06-26,SPY,2026-08-21,0.153425,call,782.0,2.08,2.14,2.1100000000000003,728.99,737.1847,0.03663,-0.036229,606
2026-06-26,SPY,2026-08-21,0.153425,call,783.0,1.96,2.01,1.9849999999999999,728.99,737.1847,0.03663,-0.036229,685
2026-06-26,SPY,2026-08-21,0.153425,call,784.0,1.84,1.89,1.865,728.99,737.1847,0.03663,-0.036229,531
2026-06-26,SPY,2026-08-21,0.153425,call,785.0,1.72,1.77,1.745,728.99,737.1847,0.03663,-0.036229,2364
2026-06-26,SPY,2026-08-21,0.153425,call,786.0,1.62,1.67,1.645,728.99,737.1847,0.03663,-0.036229,972
2026-06-26,SPY,2026-08-21,0.153425,call,787.0,1.51,1.56,1.5350000000000001,728.99,737.1847,0.03663,-0.036229,593
2026-06-26,SPY,2026-08-21,0.153425,call,788.0,1.42,1.47,1.4449999999999998,728.99,737.1847,0.03663,-0.036229,1263
2026-06-26,SPY,2026-08-21,0.153425,call,789.0,1.33,1.38,1.355,728.99,737.1847,0.03663,-0.036229,768
2026-06-26,SPY,2026-08-21,0.153425,call,790.0,1.25,1.29,1.27,728.99,737.1847,0.03663,-0.036229,8625
2026-06-26,SPY,2026-08-21,0.153425,call,791.0,1.17,1.21,1.19,728.99,737.1847,0.03663,-0.036229,1008
2026-06-26,SPY,2026-08-21,0.153425,call,792.0,1.09,1.13,1.1099999999999999,728.99,737.1847,0.03663,-0.036229,861
2026-06-26,SPY,2026-08-21,0.153425,call,793.0,1.02,1.06,1.04,728.99,737.1847,0.03663,-0.036229,827
2026-06-26,SPY,2026-08-21,0.153425,call,794.0,0.96,1.0,0.98,728.99,737.1847,0.03663,-0.036229,660
2026-06-26,SPY,2026-08-21,0.153425,call,795.0,0.89,0.94,0.915,728.99,737.1847,0.03663,-0.036229,2160
2026-06-26,SPY,2026-08-21,0.153425,call,796.0,0.84,0.88,0.86,728.99,737.1847,0.03663,-0.036229,654
2026-06-26,SPY,2026-08-21,0.153425,call,797.0,0.78,0.82,0.8,728.99,737.1847,0.03663,-0.036229,1014
2026-06-26,SPY,2026-08-21,0.153425,call,798.0,0.73,0.77,0.75,728.99,737.1847,0.03663,-0.036229,944
2026-06-26,SPY,2026-08-21,0.153425,call,799.0,0.68,0.72,0.7,728.99,737.1847,0.03663,-0.036229,728
2026-06-26,SPY,2026-08-21,0.153425,call,800.0,0.64,0.68,0.66,728.99,737.1847,0.03663,-0.036229,24560
2026-06-26,SPY,2026-08-21,0.153425,call,805.0,0.46,0.49,0.475,728.99,737.1847,0.03663,-0.036229,10278
2026-06-26,SPY,2026-08-21,0.153425,call,810.0,0.33,0.36,0.345,728.99,737.1847,0.03663,-0.036229,12405
2026-06-26,SPY,2026-08-21,0.153425,call,815.0,0.24,0.27,0.255,728.99,737.1847,0.03663,-0.036229,2985
2026-06-26,SPY,2026-08-21,0.153425,call,820.0,0.18,0.2,0.19,728.99,737.1847,0.03663,-0.036229,7141
2026-06-26,SPY,2026-08-21,0.153425,call,825.0,0.14,0.16,0.15000000000000002,728.99,737.1847,0.03663,-0.036229,16008
2026-06-26,SPY,2026-08-21,0.153425,call,830.0,0.11,0.13,0.12,728.99,737.1847,0.03663,-0.036229,13277
2026-06-26,SPY,2026-09-18,0.230137,put,620.0,3.34,3.38,3.36,728.99,738.7505,0.03663,-0.021163,113397
2026-06-26,SPY,2026-09-18,0.230137,put,622.0,3.43,3.47,3.45,728.99,738.7505,0.03663,-0.021163,186
2026-06-26,SPY,2026-09-18,0.230137,put,624.0,3.52,3.56,3.54,728.99,738.7505,0.03663,-0.021163,132
2026-06-26,SPY,2026-09-18,0.230137,put,625.0,3.57,3.61,3.59,728.99,738.7505,0.03663,-0.021163,37860
2026-06-26,SPY,2026-09-18,0.230137,put,627.0,3.67,3.7,3.685,728.99,738.7505,0.03663,-0.021163,138
2026-06-26,SPY,2026-09-18,0.230137,put,630.0,3.82,3.86,3.84,728.99,738.7505,0.03663,-0.021163,12028
2026-06-26,SPY,2026-09-18,0.230137,put,631.0,3.87,3.91,3.89,728.99,738.7505,0.03663,-0.021163,32
2026-06-26,SPY,2026-09-18,0.230137,put,632.0,3.92,3.96,3.94,728.99,738.7505,0.03663,-0.021163,113
2026-06-26,SPY,2026-09-18,0.230137,put,633.0,3.98,4.02,4.0,728.99,738.7505,0.03663,-0.021163,44
2026-06-26,SPY,2026-09-18,0.230137,put,635.0,4.09,4.13,4.109999999999999,728.99,738.7505,0.03663,-0.021163,7899
2026-06-26,SPY,2026-09-18,0.230137,put,637.0,4.2,4.25,4.225,728.99,738.7505,0.03663,-0.021163,30
2026-06-26,SPY,2026-09-18,0.230137,put,638.0,4.26,4.31,4.285,728.99,738.7505,0.03663,-0.021163,85
2026-06-26,SPY,2026-09-18,0.230137,put,639.0,4.32,4.37,4.345000000000001,728.99,738.7505,0.03663,-0.021163,41
2026-06-26,SPY,2026-09-18,0.230137,put,640.0,4.39,4.43,4.41,728.99,738.7505,0.03663,-0.021163,21746
2026-06-26,SPY,2026-09-18,0.230137,put,641.0,4.45,4.49,4.470000000000001,728.99,738.7505,0.03663,-0.021163,72
2026-06-26,SPY,2026-09-18,0.230137,put,642.0,4.51,4.55,4.529999999999999,728.99,738.7505,0.03663,-0.021163,111
2026-06-26,SPY,2026-09-18,0.230137,put,643.0,4.58,4.62,4.6,728.99,738.7505,0.03663,-0.021163,35
2026-06-26,SPY,2026-09-18,0.230137,put,644.0,4.64,4.69,4.665,728.99,738.7505,0.03663,-0.021163,42
2026-06-26,SPY,2026-09-18,0.230137,put,645.0,4.71,4.75,4.73,728.99,738.7505,0.03663,-0.021163,12110
2026-06-26,SPY,2026-09-18,0.230137,put,646.0,4.78,4.82,4.800000000000001,728.99,738.7505,0.03663,-0.021163,129
2026-06-26,SPY,2026-09-18,0.230137,put,647.0,4.85,4.89,4.869999999999999,728.99,738.7505,0.03663,-0.021163,33
2026-06-26,SPY,2026-09-18,0.230137,put,648.0,4.92,4.96,4.9399999999999995,728.99,738.7505,0.03663,-0.021163,30
2026-06-26,SPY,2026-09-18,0.230137,put,649.0,4.99,5.03,5.01,728.99,738.7505,0.03663,-0.021163,105
2026-06-26,SPY,2026-09-18,0.230137,put,650.0,5.06,5.11,5.085,728.99,738.7505,0.03663,-0.021163,34140
2026-06-26,SPY,2026-09-18,0.230137,put,651.0,5.14,5.18,5.16,728.99,738.7505,0.03663,-0.021163,45
2026-06-26,SPY,2026-09-18,0.230137,put,652.0,5.21,5.26,5.234999999999999,728.99,738.7505,0.03663,-0.021163,191
2026-06-26,SPY,2026-09-18,0.230137,put,653.0,5.29,5.34,5.3149999999999995,728.99,738.7505,0.03663,-0.021163,132
2026-06-26,SPY,2026-09-18,0.230137,put,654.0,5.37,5.42,5.395,728.99,738.7505,0.03663,-0.021163,82
2026-06-26,SPY,2026-09-18,0.230137,put,655.0,5.45,5.5,5.475,728.99,738.7505,0.03663,-0.021163,31683
2026-06-26,SPY,2026-09-18,0.230137,put,656.0,5.53,5.58,5.555,728.99,738.7505,0.03663,-0.021163,88
2026-06-26,SPY,2026-09-18,0.230137,put,657.0,5.61,5.66,5.635,728.99,738.7505,0.03663,-0.021163,71
2026-06-26,SPY,2026-09-18,0.230137,put,658.0,5.7,5.75,5.725,728.99,738.7505,0.03663,-0.021163,140
2026-06-26,SPY,2026-09-18,0.230137,put,659.0,5.78,5.83,5.805,728.99,738.7505,0.03663,-0.021163,33
2026-06-26,SPY,2026-09-18,0.230137,put,660.0,5.87,5.92,5.895,728.99,738.7505,0.03663,-0.021163,19032
2026-06-26,SPY,2026-09-18,0.230137,put,661.0,5.96,6.01,5.984999999999999,728.99,738.7505,0.03663,-0.021163,46
2026-06-26,SPY,2026-09-18,0.230137,put,662.0,6.05,6.1,6.074999999999999,728.99,738.7505,0.03663,-0.021163,379
2026-06-26,SPY,2026-09-18,0.230137,put,663.0,6.15,6.2,6.175000000000001,728.99,738.7505,0.03663,-0.021163,99
2026-06-26,SPY,2026-09-18,0.230137,put,664.0,6.24,6.29,6.265000000000001,728.99,738.7505,0.03663,-0.021163,94
2026-06-26,SPY,2026-09-18,0.230137,put,665.0,6.34,6.39,6.365,728.99,738.7505,0.03663,-0.021163,97731
2026-06-26,SPY,2026-09-18,0.230137,put,666.0,6.43,6.49,6.46,728.99,738.7505,0.03663,-0.021163,71
2026-06-26,SPY,2026-09-18,0.230137,put,667.0,6.53,6.59,6.5600000000000005,728.99,738.7505,0.03663,-0.021163,597
2026-06-26,SPY,2026-09-18,0.230137,put,668.0,6.64,6.69,6.665,728.99,738.7505,0.03663,-0.021163,31
2026-06-26,SPY,2026-09-18,0.230137,put,669.0,6.74,6.79,6.765000000000001,728.99,738.7505,0.03663,-0.021163,488
2026-06-26,SPY,2026-09-18,0.230137,put,670.0,6.85,6.9,6.875,728.99,738.7505,0.03663,-0.021163,56008
2026-06-26,SPY,2026-09-18,0.230137,put,671.0,6.95,7.01,6.98,728.99,738.7505,0.03663,-0.021163,51
2026-06-26,SPY,2026-09-18,0.230137,put,672.0,7.06,7.12,7.09,728.99,738.7505,0.03663,-0.021163,105
2026-06-26,SPY,2026-09-18,0.230137,put,673.0,7.18,7.23,7.205,728.99,738.7505,0.03663,-0.021163,533
2026-06-26,SPY,2026-09-18,0.230137,put,674.0,7.29,7.35,7.32,728.99,738.7505,0.03663,-0.021163,159
2026-06-26,SPY,2026-09-18,0.230137,put,675.0,7.41,7.46,7.4350000000000005,728.99,738.7505,0.03663,-0.021163,7538
2026-06-26,SPY,2026-09-18,0.230137,put,676.0,7.53,7.58,7.555,728.99,738.7505,0.03663,-0.021163,536
2026-06-26,SPY,2026-09-18,0.230137,put,677.0,7.65,7.7,7.675000000000001,728.99,738.7505,0.03663,-0.021163,332
2026-06-26,SPY,2026-09-18,0.230137,put,678.0,7.77,7.83,7.8,728.99,738.7505,0.03663,-0.021163,290
2026-06-26,SPY,2026-09-18,0.230137,put,679.0,7.9,7.95,7.925000000000001,728.99,738.7505,0.03663,-0.021163,30
2026-06-26,SPY,2026-09-18,0.230137,put,680.0,8.02,8.08,8.05,728.99,738.7505,0.03663,-0.021163,18999
2026-06-26,SPY,2026-09-18,0.230137,put,681.0,8.15,8.21,8.18,728.99,738.7505,0.03663,-0.021163,156
2026-06-26,SPY,2026-09-18,0.230137,put,682.0,8.29,8.34,8.315,728.99,738.7505,0.03663,-0.021163,187
2026-06-26,SPY,2026-09-18,0.230137,put,683.0,8.42,8.48,8.45,728.99,738.7505,0.03663,-0.021163,191
2026-06-26,SPY,2026-09-18,0.230137,put,684.0,8.56,8.62,8.59,728.99,738.7505,0.03663,-0.021163,85
2026-06-26,SPY,2026-09-18,0.230137,put,685.0,8.7,8.76,8.73,728.99,738.7505,0.03663,-0.021163,14760
2026-06-26,SPY,2026-09-18,0.230137,put,686.0,8.84,8.9,8.870000000000001,728.99,738.7505,0.03663,-0.021163,62
2026-06-26,SPY,2026-09-18,0.230137,put,687.0,8.99,9.05,9.02,728.99,738.7505,0.03663,-0.021163,205
2026-06-26,SPY,2026-09-18,0.230137,put,688.0,9.14,9.2,9.17,728.99,738.7505,0.03663,-0.021163,2019
2026-06-26,SPY,2026-09-18,0.230137,put,689.0,9.29,9.35,9.32,728.99,738.7505,0.03663,-0.021163,617
2026-06-26,SPY,2026-09-18,0.230137,put,690.0,9.44,9.5,9.469999999999999,728.99,738.7505,0.03663,-0.021163,15140
2026-06-26,SPY,2026-09-18,0.230137,put,691.0,9.6,9.66,9.629999999999999,728.99,738.7505,0.03663,-0.021163,77
2026-06-26,SPY,2026-09-18,0.230137,put,692.0,9.76,9.82,9.79,728.99,738.7505,0.03663,-0.021163,119
2026-06-26,SPY,2026-09-18,0.230137,put,693.0,9.93,9.99,9.96,728.99,738.7505,0.03663,-0.021163,244
2026-06-26,SPY,2026-09-18,0.230137,put,694.0,10.09,10.15,10.120000000000001,728.99,738.7505,0.03663,-0.021163,37
2026-06-26,SPY,2026-09-18,0.230137,put,695.0,10.26,10.33,10.295,728.99,738.7505,0.03663,-0.021163,6311
2026-06-26,SPY,2026-09-18,0.230137,put,696.0,10.44,10.5,10.469999999999999,728.99,738.7505,0.03663,-0.021163,543
2026-06-26,SPY,2026-09-18,0.230137,put,697.0,10.61,10.68,10.645,728.99,738.7505,0.03663,-0.021163,305
2026-06-26,SPY,2026-09-18,0.230137,put,698.0,10.79,10.86,10.825,728.99,738.7505,0.03663,-0.021163,261
2026-06-26,SPY,2026-09-18,0.230137,put,699.0,10.98,11.04,11.01,728.99,738.7505,0.03663,-0.021163,194
2026-06-26,SPY,2026-09-18,0.230137,put,700.0,11.16,11.23,11.195,728.99,738.7505,0.03663,-0.021163,30553
2026-06-26,SPY,2026-09-18,0.230137,put,701.0,11.36,11.42,11.39,728.99,738.7505,0.03663,-0.021163,342
2026-06-26,SPY,2026-09-18,0.230137,put,702.0,11.55,11.62,11.585,728.99,738.7505,0.03663,-0.021163,123
2026-06-26,SPY,2026-09-18,0.230137,put,703.0,11.75,11.82,11.785,728.99,738.7505,0.03663,-0.021163,68
2026-06-26,SPY,2026-09-18,0.230137,put,704.0,11.95,12.02,11.985,728.99,738.7505,0.03663,-0.021163,462
2026-06-26,SPY,2026-09-18,0.230137,put,705.0,12.16,12.23,12.195,728.99,738.7505,0.03663,-0.021163,6143
2026-06-26,SPY,2026-09-18,0.230137,put,706.0,12.37,12.44,12.405,728.99,738.7505,0.03663,-0.021163,114
2026-06-26,SPY,2026-09-18,0.230137,put,707.0,12.59,12.66,12.625,728.99,738.7505,0.03663,-0.021163,167
2026-06-26,SPY,2026-09-18,0.230137,put,708.0,12.81,12.88,12.845,728.99,738.7505,0.03663,-0.021163,111
2026-06-26,SPY,2026-09-18,0.230137,put,709.0,13.03,13.1,13.065,728.99,738.7505,0.03663,-0.021163,952
2026-06-26,SPY,2026-09-18,0.230137,put,710.0,13.26,13.33,13.295,728.99,738.7505,0.03663,-0.021163,29767
2026-06-26,SPY,2026-09-18,0.230137,put,711.0,13.49,13.56,13.525,728.99,738.7505,0.03663,-0.021163,342
2026-06-26,SPY,2026-09-18,0.230137,put,712.0,13.73,13.8,13.765,728.99,738.7505,0.03663,-0.021163,118
2026-06-26,SPY,2026-09-18,0.230137,put,713.0,13.97,14.05,14.010000000000002,728.99,738.7505,0.03663,-0.021163,146
2026-06-26,SPY,2026-09-18,0.230137,put,714.0,14.22,14.3,14.260000000000002,728.99,738.7505,0.03663,-0.021163,157
2026-06-26,SPY,2026-09-18,0.230137,put,715.0,14.47,14.55,14.510000000000002,728.99,738.7505,0.03663,-0.021163,12293
2026-06-26,SPY,2026-09-18,0.230137,put,716.0,14.73,14.81,14.77,728.99,738.7505,0.03663,-0.021163,187
2026-06-26,SPY,2026-09-18,0.230137,put,717.0,14.99,15.07,15.030000000000001,728.99,738.7505,0.03663,-0.021163,157
2026-06-26,SPY,2026-09-18,0.230137,put,718.0,15.26,15.34,15.3,728.99,738.7505,0.03663,-0.021163,223
2026-06-26,SPY,2026-09-18,0.230137,put,719.0,15.54,15.62,15.579999999999998,728.99,738.7505,0.03663,-0.021163,263
2026-06-26,SPY,2026-09-18,0.230137,put,720.0,15.82,15.9,15.86,728.99,738.7505,0.03663,-0.021163,14933
2026-06-26,SPY,2026-09-18,0.230137,put,721.0,16.1,16.19,16.145000000000003,728.99,738.7505,0.03663,-0.021163,360
2026-06-26,SPY,2026-09-18,0.230137,put,722.0,16.39,16.48,16.435000000000002,728.99,738.7505,0.03663,-0.021163,122
2026-06-26,SPY,2026-09-18,0.230137,put,723.0,16.69,16.78,16.735,728.99,738.7505,0.03663,-0.021163,167
2026-06-26,SPY,2026-09-18,0.230137,put,724.0,17.0,17.08,17.04,728.99,738.7505,0.03663,-0.021163,196
2026-06-26,SPY,2026-09-18,0.230137,put,725.0,17.31,17.39,17.35,728.99,738.7505,0.03663,-0.021163,9303
2026-06-26,SPY,2026-09-18,0.230137,put,726.0,17.62,17.71,17.665,728.99,738.7505,0.03663,-0.021163,169
2026-06-26,SPY,2026-09-18,0.230137,put,727.0,17.95,18.04,17.994999999999997,728.99,738.7505,0.03663,-0.021163,364
2026-06-26,SPY,2026-09-18,0.230137,put,728.0,18.28,18.37,18.325000000000003,728.99,738.7505,0.03663,-0.021163,178
2026-06-26,SPY,2026-09-18,0.230137,put,729.0,18.62,18.71,18.665,728.99,738.7505,0.03663,-0.021163,275
2026-06-26,SPY,2026-09-18,0.230137,put,730.0,18.96,19.05,19.005000000000003,728.99,738.7505,0.03663,-0.021163,17500
2026-06-26,SPY,2026-09-18,0.230137,put,731.0,19.31,19.41,19.36,728.99,738.7505,0.03663,-0.021163,208
2026-06-26,SPY,2026-09-18,0.230137,put,732.0,19.67,19.77,19.72,728.99,738.7505,0.03663,-0.021163,205
2026-06-26,SPY,2026-09-18,0.230137,put,733.0,20.04,20.13,20.085,728.99,738.7505,0.03663,-0.021163,168
2026-06-26,SPY,2026-09-18,0.230137,put,734.0,20.41,20.51,20.46,728.99,738.7505,0.03663,-0.021163,127
2026-06-26,SPY,2026-09-18,0.230137,put,735.0,20.8,20.89,20.845,728.99,738.7505,0.03663,-0.021163,7077
2026-06-26,SPY,2026-09-18,0.230137,put,736.0,21.18,21.28,21.23,728.99,738.7505,0.03663,-0.021163,232
2026-06-26,SPY,2026-09-18,0.230137,put,737.0,21.58,21.68,21.63,728.99,738.7505,0.03663,-0.021163,153
2026-06-26,SPY,2026-09-18,0.230137,put,738.0,21.99,22.09,22.04,728.99,738.7505,0.03663,-0.021163,163
2026-06-26,SPY,2026-09-18,0.230137,call,739.0,22.12,22.22,22.17,728.99,738.7505,0.03663,-0.021163,339
2026-06-26,SPY,2026-09-18,0.230137,call,740.0,21.53,21.63,21.58,728.99,738.7505,0.03663,-0.021163,8306
2026-06-26,SPY,2026-09-18,0.230137,call,741.0,20.95,21.04,20.994999999999997,728.99,738.7505,0.03663,-0.021163,96
2026-06-26,SPY,2026-09-18,0.230137,call,742.0,20.37,20.46,20.415,728.99,738.7505,0.03663,-0.021163,154
2026-06-26,SPY,2026-09-18,0.230137,call,743.0,19.8,19.89,19.845,728.99,738.7505,0.03663,-0.021163,119
2026-06-26,SPY,2026-09-18,0.230137,call,744.0,19.24,19.33,19.284999999999997,728.99,738.7505,0.03663,-0.021163,84
2026-06-26,SPY,2026-09-18,0.230137,call,745.0,18.68,18.78,18.73,728.99,738.7505,0.03663,-0.021163,16778
2026-06-26,SPY,2026-09-18,0.230137,call,746.0,18.14,18.23,18.185000000000002,728.99,738.7505,0.03663,-0.021163,104
2026-06-26,SPY,2026-09-18,0.230137,call,747.0,17.61,17.7,17.655,728.99,738.7505,0.03663,-0.021163,718
2026-06-26,SPY,2026-09-18,0.230137,call,748.0,17.08,17.17,17.125,728.99,738.7505,0.03663,-0.021163,563
2026-06-26,SPY,2026-09-18,0.230137,call,749.0,16.56,16.65,16.604999999999997,728.99,738.7505,0.03663,-0.021163,506
2026-06-26,SPY,2026-09-18,0.230137,call,750.0,16.05,16.14,16.095,728.99,738.7505,0.03663,-0.021163,33494
2026-06-26,SPY,2026-09-18,0.230137,call,752.0,15.06,15.14,15.100000000000001,728.99,738.7505,0.03663,-0.021163,100
2026-06-26,SPY,2026-09-18,0.230137,call,753.0,14.58,14.66,14.620000000000001,728.99,738.7505,0.03663,-0.021163,117
2026-06-26,SPY,2026-09-18,0.230137,call,754.0,14.1,14.19,14.145,728.99,738.7505,0.03663,-0.021163,251
2026-06-26,SPY,2026-09-18,0.230137,call,755.0,13.64,13.73,13.685,728.99,738.7505,0.03663,-0.021163,13838
2026-06-26,SPY,2026-09-18,0.230137,call,756.0,13.19,13.27,13.23,728.99,738.7505,0.03663,-0.021163,218
2026-06-26,SPY,2026-09-18,0.230137,call,757.0,12.74,12.83,12.785,728.99,738.7505,0.03663,-0.021163,717
2026-06-26,SPY,2026-09-18,0.230137,call,758.0,12.31,12.39,12.350000000000001,728.99,738.7505,0.03663,-0.021163,350
2026-06-26,SPY,2026-09-18,0.230137,call,759.0,11.88,11.96,11.920000000000002,728.99,738.7505,0.03663,-0.021163,220
2026-06-26,SPY,2026-09-18,0.230137,call,760.0,11.46,11.54,11.5,728.99,738.7505,0.03663,-0.021163,13324
2026-06-26,SPY,2026-09-18,0.230137,call,761.0,11.06,11.14,11.100000000000001,728.99,738.7505,0.03663,-0.021163,152
2026-06-26,SPY,2026-09-18,0.230137,call,762.0,10.66,10.74,10.7,728.99,738.7505,0.03663,-0.021163,128
2026-06-26,SPY,2026-09-18,0.230137,call,763.0,10.28,10.35,10.315,728.99,738.7505,0.03663,-0.021163,210
2026-06-26,SPY,2026-09-18,0.230137,call,764.0,9.9,9.98,9.940000000000001,728.99,738.7505,0.03663,-0.021163,198
2026-06-26,SPY,2026-09-18,0.230137,call,765.0,9.53,9.61,9.57,728.99,738.7505,0.03663,-0.021163,16673
2026-06-26,SPY,2026-09-18,0.230137,call,766.0,9.17,9.25,9.21,728.99,738.7505,0.03663,-0.021163,256
2026-06-26,SPY,2026-09-18,0.230137,call,767.0,8.82,8.9,8.86,728.99,738.7505,0.03663,-0.021163,133
2026-06-26,SPY,2026-09-18,0.230137,call,768.0,8.49,8.56,8.525,728.99,738.7505,0.03663,-0.021163,212
2026-06-26,SPY,2026-09-18,0.230137,call,769.0,8.16,8.23,8.195,728.99,738.7505,0.03663,-0.021163,845
2026-06-26,SPY,2026-09-18,0.230137,call,770.0,7.84,7.91,7.875,728.99,738.7505,0.03663,-0.021163,5802
2026-06-26,SPY,2026-09-18,0.230137,call,771.0,7.53,7.6,7.5649999999999995,728.99,738.7505,0.03663,-0.021163,186
2026-06-26,SPY,2026-09-18,0.230137,call,772.0,7.23,7.3,7.265000000000001,728.99,738.7505,0.03663,-0.021163,283
2026-06-26,SPY,2026-09-18,0.230137,call,773.0,6.94,7.0,6.970000000000001,728.99,738.7505,0.03663,-0.021163,275
2026-06-26,SPY,2026-09-18,0.230137,call,774.0,6.65,6.72,6.6850000000000005,728.99,738.7505,0.03663,-0.021163,162
2026-06-26,SPY,2026-09-18,0.230137,call,775.0,6.38,6.45,6.415,728.99,738.7505,0.03663,-0.021163,6368
2026-06-26,SPY,2026-09-18,0.230137,call,776.0,6.12,6.18,6.15,728.99,738.7505,0.03663,-0.021163,478
2026-06-26,SPY,2026-09-18,0.230137,call,777.0,5.86,5.93,5.895,728.99,738.7505,0.03663,-0.021163,1028
2026-06-26,SPY,2026-09-18,0.230137,call,778.0,5.62,5.68,5.65,728.99,738.7505,0.03663,-0.021163,766
2026-06-26,SPY,2026-09-18,0.230137,call,779.0,5.38,5.44,5.41,728.99,738.7505,0.03663,-0.021163,196
2026-06-26,SPY,2026-09-18,0.230137,call,780.0,5.14,5.2,5.17,728.99,738.7505,0.03663,-0.021163,16695
2026-06-26,SPY,2026-09-18,0.230137,call,781.0,4.92,4.98,4.95,728.99,738.7505,0.03663,-0.021163,147
2026-06-26,SPY,2026-09-18,0.230137,call,782.0,4.71,4.77,4.74,728.99,738.7505,0.03663,-0.021163,535
2026-06-26,SPY,2026-09-18,0.230137,call,783.0,4.5,4.56,4.529999999999999,728.99,738.7505,0.03663,-0.021163,835
2026-06-26,SPY,2026-09-18,0.230137,call,784.0,4.3,4.36,4.33,728.99,738.7505,0.03663,-0.021163,369
2026-06-26,SPY,2026-09-18,0.230137,call,785.0,4.11,4.17,4.140000000000001,728.99,738.7505,0.03663,-0.021163,15153
2026-06-26,SPY,2026-09-18,0.230137,call,786.0,3.92,3.98,3.95,728.99,738.7505,0.03663,-0.021163,141
2026-06-26,SPY,2026-09-18,0.230137,call,787.0,3.74,3.8,3.77,728.99,738.7505,0.03663,-0.021163,556
2026-06-26,SPY,2026-09-18,0.230137,call,788.0,3.57,3.63,3.5999999999999996,728.99,738.7505,0.03663,-0.021163,406
2026-06-26,SPY,2026-09-18,0.230137,call,789.0,3.41,3.46,3.435,728.99,738.7505,0.03663,-0.021163,533
2026-06-26,SPY,2026-09-18,0.230137,call,790.0,3.25,3.3,3.275,728.99,738.7505,0.03663,-0.021163,11789
2026-06-26,SPY,2026-09-18,0.230137,call,791.0,3.1,3.15,3.125,728.99,738.7505,0.03663,-0.021163,178
2026-06-26,SPY,2026-09-18,0.230137,call,792.0,2.96,3.01,2.985,728.99,738.7505,0.03663,-0.021163,438
2026-06-26,SPY,2026-09-18,0.230137,call,793.0,2.82,2.87,2.8449999999999998,728.99,738.7505,0.03663,-0.021163,102
2026-06-26,SPY,2026-09-18,0.230137,call,794.0,2.68,2.73,2.705,728.99,738.7505,0.03663,-0.021163,248
2026-06-26,SPY,2026-09-18,0.230137,call,795.0,2.56,2.6,2.58,728.99,738.7505,0.03663,-0.021163,10652
2026-06-26,SPY,2026-09-18,0.230137,call,796.0,2.44,2.48,2.46,728.99,738.7505,0.03663,-0.021163,152
2026-06-26,SPY,2026-09-18,0.230137,call,797.0,2.32,2.36,2.34,728.99,738.7505,0.03663,-0.021163,175
2026-06-26,SPY,2026-09-18,0.230137,call,798.0,2.21,2.25,2.23,728.99,738.7505,0.03663,-0.021163,49
2026-06-26,SPY,2026-09-18,0.230137,call,799.0,2.1,2.14,2.12,728.99,738.7505,0.03663,-0.021163,59
2026-06-26,SPY,2026-09-18,0.230137,call,800.0,2.0,2.04,2.02,728.99,738.7505,0.03663,-0.021163,20969
2026-06-26,SPY,2026-09-18,0.230137,call,801.0,1.9,1.94,1.92,728.99,738.7505,0.03663,-0.021163,57
2026-06-26,SPY,2026-09-18,0.230137,call,802.0,1.81,1.85,1.83,728.99,738.7505,0.03663,-0.021163,52
2026-06-26,SPY,2026-09-18,0.230137,call,803.0,1.72,1.76,1.74,728.99,738.7505,0.03663,-0.021163,54
2026-06-26,SPY,2026-09-18,0.230137,call,804.0,1.64,1.68,1.66,728.99,738.7505,0.03663,-0.021163,67
2026-06-26,SPY,2026-09-18,0.230137,call,805.0,1.56,1.59,1.5750000000000002,728.99,738.7505,0.03663,-0.021163,3616
2026-06-26,SPY,2026-09-18,0.230137,call,806.0,1.48,1.52,1.5,728.99,738.7505,0.03663,-0.021163,103
2026-06-26,SPY,2026-09-18,0.230137,call,807.0,1.41,1.44,1.4249999999999998,728.99,738.7505,0.03663,-0.021163,31
2026-06-26,SPY,2026-09-18,0.230137,call,808.0,1.34,1.37,1.355,728.99,738.7505,0.03663,-0.021163,31
2026-06-26,SPY,2026-09-18,0.230137,call,809.0,1.27,1.3,1.2850000000000001,728.99,738.7505,0.03663,-0.021163,27
2026-06-26,SPY,2026-09-18,0.230137,call,810.0,1.21,1.24,1.225,728.99,738.7505,0.03663,-0.021163,2128
2026-06-26,SPY,2026-09-18,0.230137,call,811.0,1.15,1.18,1.165,728.99,738.7505,0.03663,-0.021163,234
2026-06-26,SPY,2026-09-18,0.230137,call,812.0,1.09,1.12,1.105,728.99,738.7505,0.03663,-0.021163,453
2026-06-26,SPY,2026-09-18,0.230137,call,814.0,0.99,1.02,1.005,728.99,738.7505,0.03663,-0.021163,407
2026-06-26,SPY,2026-09-18,0.230137,call,815.0,0.94,0.97,0.955,728.99,738.7505,0.03663,-0.021163,10184
2026-06-26,SPY,2026-09-18,0.230137,call,816.0,0.89,0.92,0.905,728.99,738.7505,0.03663,-0.021163,50
2026-06-26,SPY,2026-09-18,0.230137,call,817.0,0.85,0.88,0.865,728.99,738.7505,0.03663,-0.021163,30
2026-06-26,SPY,2026-09-18,0.230137,call,818.0,0.81,0.84,0.825,728.99,738.7505,0.03663,-0.021163,73
2026-06-26,SPY,2026-09-18,0.230137,call,820.0,0.73,0.76,0.745,728.99,738.7505,0.03663,-0.021163,4807
2026-06-26,SPY,2026-09-18,0.230137,call,821.0,0.69,0.72,0.705,728.99,738.7505,0.03663,-0.021163,101
2026-06-26,SPY,2026-09-18,0.230137,call,822.0,0.66,0.69,0.675,728.99,738.7505,0.03663,-0.021163,344
2026-06-26,SPY,2026-09-18,0.230137,call,823.0,0.63,0.65,0.64,728.99,738.7505,0.03663,-0.021163,134
2026-06-26,SPY,2026-09-18,0.230137,call,824.0,0.6,0.62,0.61,728.99,738.7505,0.03663,-0.021163,277
2026-06-26,SPY,2026-09-18,0.230137,call,825.0,0.57,0.59,0.58,728.99,738.7505,0.03663,-0.021163,5707
2026-06-26,SPY,2026-09-18,0.230137,call,830.0,0.45,0.47,0.45999999999999996,728.99,738.7505,0.03663,-0.021163,2109
2026-06-26,SPY,2026-09-18,0.230137,call,835.0,0.36,0.38,0.37,728.99,738.7505,0.03663,-0.021163,2936
2026-06-26,SPY,2026-09-30,0.263014,put,620.0,3.97,4.04,4.005,728.99,738.898,0.03663,-0.014697,3145
2026-06-26,SPY,2026-09-30,0.263014,put,621.0,4.02,4.09,4.055,728.99,738.898,0.03663,-0.014697,203
2026-06-26,SPY,2026-09-30,0.263014,put,622.0,4.08,4.14,4.109999999999999,728.99,738.898,0.03663,-0.014697,62
2026-06-26,SPY,2026-09-30,0.263014,put,623.0,4.13,4.19,4.16,728.99,738.898,0.03663,-0.014697,165
2026-06-26,SPY,2026-09-30,0.263014,put,624.0,4.18,4.25,4.215,728.99,738.898,0.03663,-0.014697,27
2026-06-26,SPY,2026-09-30,0.263014,put,625.0,4.24,4.3,4.27,728.99,738.898,0.03663,-0.014697,2130
2026-06-26,SPY,2026-09-30,0.263014,put,626.0,4.29,4.36,4.325,728.99,738.898,0.03663,-0.014697,215
2026-06-26,SPY,2026-09-30,0.263014,put,627.0,4.35,4.42,4.385,728.99,738.898,0.03663,-0.014697,355
2026-06-26,SPY,2026-09-30,0.263014,put,628.0,4.41,4.47,4.4399999999999995,728.99,738.898,0.03663,-0.014697,101
2026-06-26,SPY,2026-09-30,0.263014,put,629.0,4.47,4.53,4.5,728.99,738.898,0.03663,-0.014697,163
2026-06-26,SPY,2026-09-30,0.263014,put,630.0,4.53,4.59,4.5600000000000005,728.99,738.898,0.03663,-0.014697,3226
2026-06-26,SPY,2026-09-30,0.263014,put,631.0,4.59,4.65,4.62,728.99,738.898,0.03663,-0.014697,116
2026-06-26,SPY,2026-09-30,0.263014,put,632.0,4.65,4.72,4.6850000000000005,728.99,738.898,0.03663,-0.014697,53
2026-06-26,SPY,2026-09-30,0.263014,put,633.0,4.71,4.78,4.745,728.99,738.898,0.03663,-0.014697,160
2026-06-26,SPY,2026-09-30,0.263014,put,634.0,4.77,4.84,4.805,728.99,738.898,0.03663,-0.014697,245
2026-06-26,SPY,2026-09-30,0.263014,put,635.0,4.84,4.91,4.875,728.99,738.898,0.03663,-0.014697,479
2026-06-26,SPY,2026-09-30,0.263014,put,636.0,4.9,4.97,4.9350000000000005,728.99,738.898,0.03663,-0.014697,64
2026-06-26,SPY,2026-09-30,0.263014,put,637.0,4.97,5.04,5.005,728.99,738.898,0.03663,-0.014697,183
2026-06-26,SPY,2026-09-30,0.263014,put,639.0,5.11,5.18,5.145,728.99,738.898,0.03663,-0.014697,107
2026-06-26,SPY,2026-09-30,0.263014,put,640.0,5.18,5.25,5.215,728.99,738.898,0.03663,-0.014697,3264
2026-06-26,SPY,2026-09-30,0.263014,put,641.0,5.25,5.32,5.285,728.99,738.898,0.03663,-0.014697,210
2026-06-26,SPY,2026-09-30,0.263014,put,642.0,5.32,5.39,5.355,728.99,738.898,0.03663,-0.014697,74
2026-06-26,SPY,2026-09-30,0.263014,put,643.0,5.39,5.46,5.425,728.99,738.898,0.03663,-0.014697,55
2026-06-26,SPY,2026-09-30,0.263014,put,644.0,5.47,5.54,5.505,728.99,738.898,0.03663,-0.014697,61
2026-06-26,SPY,2026-09-30,0.263014,put,645.0,5.54,5.62,5.58,728.99,738.898,0.03663,-0.014697,335
2026-06-26,SPY,2026-09-30,0.263014,put,646.0,5.62,5.69,5.655,728.99,738.898,0.03663,-0.014697,462
2026-06-26,SPY,2026-09-30,0.263014,put,647.0,5.7,5.77,5.734999999999999,728.99,738.898,0.03663,-0.014697,292
2026-06-26,SPY,2026-09-30,0.263014,put,648.0,5.78,5.85,5.8149999999999995,728.99,738.898,0.03663,-0.014697,128
2026-06-26,SPY,2026-09-30,0.263014,put,649.0,5.86,5.93,5.895,728.99,738.898,0.03663,-0.014697,155
2026-06-26,SPY,2026-09-30,0.263014,put,650.0,5.95,6.02,5.984999999999999,728.99,738.898,0.03663,-0.014697,2286
2026-06-26,SPY,2026-09-30,0.263014,put,651.0,6.02,6.1,6.06,728.99,738.898,0.03663,-0.014697,288
2026-06-26,SPY,2026-09-30,0.263014,put,652.0,6.11,6.19,6.15,728.99,738.898,0.03663,-0.014697,208
2026-06-26,SPY,2026-09-30,0.263014,put,653.0,6.2,6.27,6.234999999999999,728.99,738.898,0.03663,-0.014697,137
2026-06-26,SPY,2026-09-30,0.263014,put,655.0,6.37,6.45,6.41,728.99,738.898,0.03663,-0.014697,267
2026-06-26,SPY,2026-09-30,0.263014,put,656.0,6.46,6.54,6.5,728.99,738.898,0.03663,-0.014697,72
2026-06-26,SPY,2026-09-30,0.263014,put,657.0,6.56,6.63,6.595,728.99,738.898,0.03663,-0.014697,499
2026-06-26,SPY,2026-09-30,0.263014,put,658.0,6.65,6.73,6.69,728.99,738.898,0.03663,-0.014697,1209
2026-06-26,SPY,2026-09-30,0.263014,put,659.0,6.75,6.82,6.785,728.99,738.898,0.03663,-0.014697,500
2026-06-26,SPY,2026-09-30,0.263014,put,660.0,6.84,6.92,6.88,728.99,738.898,0.03663,-0.014697,2410
2026-06-26,SPY,2026-09-30,0.263014,put,661.0,6.94,7.02,6.98,728.99,738.898,0.03663,-0.014697,355
2026-06-26,SPY,2026-09-30,0.263014,put,662.0,7.04,7.12,7.08,728.99,738.898,0.03663,-0.014697,154
2026-06-26,SPY,2026-09-30,0.263014,put,663.0,7.14,7.22,7.18,728.99,738.898,0.03663,-0.014697,119
2026-06-26,SPY,2026-09-30,0.263014,put,664.0,7.25,7.33,7.29,728.99,738.898,0.03663,-0.014697,944
2026-06-26,SPY,2026-09-30,0.263014,put,665.0,7.35,7.43,7.39,728.99,738.898,0.03663,-0.014697,2174
2026-06-26,SPY,2026-09-30,0.263014,put,666.0,7.46,7.54,7.5,728.99,738.898,0.03663,-0.014697,155
2026-06-26,SPY,2026-09-30,0.263014,put,667.0,7.57,7.65,7.61,728.99,738.898,0.03663,-0.014697,167
2026-06-26,SPY,2026-09-30,0.263014,put,668.0,7.68,7.76,7.72,728.99,738.898,0.03663,-0.014697,98
2026-06-26,SPY,2026-09-30,0.263014,put,669.0,7.79,7.88,7.835,728.99,738.898,0.03663,-0.014697,296
2026-06-26,SPY,2026-09-30,0.263014,put,670.0,7.91,7.99,7.95,728.99,738.898,0.03663,-0.014697,1296
2026-06-26,SPY,2026-09-30,0.263014,put,671.0,8.02,8.11,8.065,728.99,738.898,0.03663,-0.014697,177
2026-06-26,SPY,2026-09-30,0.263014,put,672.0,8.14,8.23,8.185,728.99,738.898,0.03663,-0.014697,397
2026-06-26,SPY,2026-09-30,0.263014,put,673.0,8.26,8.35,8.305,728.99,738.898,0.03663,-0.014697,1633
2026-06-26,SPY,2026-09-30,0.263014,put,674.0,8.39,8.47,8.43,728.99,738.898,0.03663,-0.014697,543
2026-06-26,SPY,2026-09-30,0.263014,put,675.0,8.51,8.6,8.555,728.99,738.898,0.03663,-0.014697,1828
2026-06-26,SPY,2026-09-30,0.263014,put,676.0,8.64,8.73,8.685,728.99,738.898,0.03663,-0.014697,1181
2026-06-26,SPY,2026-09-30,0.263014,put,677.0,8.77,8.86,8.815,728.99,738.898,0.03663,-0.014697,1282
2026-06-26,SPY,2026-09-30,0.263014,put,678.0,8.9,8.99,8.945,728.99,738.898,0.03663,-0.014697,280
2026-06-26,SPY,2026-09-30,0.263014,put,679.0,9.03,9.12,9.075,728.99,738.898,0.03663,-0.014697,278
2026-06-26,SPY,2026-09-30,0.263014,put,680.0,9.17,9.26,9.215,728.99,738.898,0.03663,-0.014697,3326
2026-06-26,SPY,2026-09-30,0.263014,put,681.0,9.31,9.4,9.355,728.99,738.898,0.03663,-0.014697,635
2026-06-26,SPY,2026-09-30,0.263014,put,682.0,9.45,9.54,9.495,728.99,738.898,0.03663,-0.014697,563
2026-06-26,SPY,2026-09-30,0.263014,put,683.0,9.59,9.68,9.635,728.99,738.898,0.03663,-0.014697,174
2026-06-26,SPY,2026-09-30,0.263014,put,684.0,9.74,9.83,9.785,728.99,738.898,0.03663,-0.014697,402
2026-06-26,SPY,2026-09-30,0.263014,put,685.0,9.89,9.98,9.935,728.99,738.898,0.03663,-0.014697,1745
2026-06-26,SPY,2026-09-30,0.263014,put,686.0,10.04,10.13,10.085,728.99,738.898,0.03663,-0.014697,169
2026-06-26,SPY,2026-09-30,0.263014,put,687.0,10.19,10.28,10.235,728.99,738.898,0.03663,-0.014697,155
2026-06-26,SPY,2026-09-30,0.263014,put,688.0,10.35,10.44,10.395,728.99,738.898,0.03663,-0.014697,309
2026-06-26,SPY,2026-09-30,0.263014,put,689.0,10.51,10.6,10.555,728.99,738.898,0.03663,-0.014697,343
2026-06-26,SPY,2026-09-30,0.263014,put,690.0,10.67,10.77,10.719999999999999,728.99,738.898,0.03663,-0.014697,7478
2026-06-26,SPY,2026-09-30,0.263014,put,691.0,10.84,10.93,10.885,728.99,738.898,0.03663,-0.014697,1719
2026-06-26,SPY,2026-09-30,0.263014,put,695.0,11.53,11.63,11.58,728.99,738.898,0.03663,-0.014697,1629
2026-06-26,SPY,2026-09-30,0.263014,put,700.0,12.47,12.57,12.52,728.99,738.898,0.03663,-0.014697,5055
2026-06-26,SPY,2026-09-30,0.263014,put,705.0,13.49,13.59,13.54,728.99,738.898,0.03663,-0.014697,1413
2026-06-26,SPY,2026-09-30,0.263014,put,710.0,14.61,14.72,14.665,728.99,738.898,0.03663,-0.014697,3291
2026-06-26,SPY,2026-09-30,0.263014,put,715.0,15.85,15.96,15.905000000000001,728.99,738.898,0.03663,-0.014697,950
2026-06-26,SPY,2026-09-30,0.263014,put,720.0,17.2,17.32,17.259999999999998,728.99,738.898,0.03663,-0.014697,3901
2026-06-26,SPY,2026-09-30,0.263014,put,725.0,18.7,18.82,18.759999999999998,728.99,738.898,0.03663,-0.014697,3302
2026-06-26,SPY,2026-09-30,0.263014,put,730.0,20.34,20.47,20.405,728.99,738.898,0.03663,-0.014697,2703
2026-06-26,SPY,2026-09-30,0.263014,put,735.0,22.16,22.3,22.23,728.99,738.898,0.03663,-0.014697,1387
2026-06-26,SPY,2026-09-30,0.263014,call,740.0,22.91,23.03,22.97,728.99,738.898,0.03663,-0.014697,1361
2026-06-26,SPY,2026-09-30,0.263014,call,745.0,20.05,20.18,20.115000000000002,728.99,738.898,0.03663,-0.014697,3274
2026-06-26,SPY,2026-09-30,0.263014,call,750.0,17.4,17.52,17.46,728.99,738.898,0.03663,-0.014697,3537
2026-06-26,SPY,2026-09-30,0.263014,call,755.0,14.96,15.07,15.015,728.99,738.898,0.03663,-0.014697,2816
2026-06-26,SPY,2026-09-30,0.263014,call,760.0,12.74,12.85,12.795,728.99,738.898,0.03663,-0.014697,1586
2026-06-26,SPY,2026-09-30,0.263014,call,765.0,10.74,10.85,10.795,728.99,738.898,0.03663,-0.014697,1984
2026-06-26,SPY,2026-09-30,0.263014,call,770.0,8.98,9.08,9.030000000000001,728.99,738.898,0.03663,-0.014697,1500
2026-06-26,SPY,2026-09-30,0.263014,call,775.0,7.44,7.53,7.485,728.99,738.898,0.03663,-0.014697,947
2026-06-26,SPY,2026-09-30,0.263014,call,780.0,6.11,6.2,6.155,728.99,738.898,0.03663,-0.014697,1843
2026-06-26,SPY,2026-09-30,0.263014,call,785.0,4.97,5.06,5.015,728.99,738.898,0.03663,-0.014697,479
2026-06-26,SPY,2026-09-30,0.263014,call,790.0,4.02,4.1,4.06,728.99,738.898,0.03663,-0.014697,4972
2026-06-26,SPY,2026-09-30,0.263014,call,795.0,3.23,3.31,3.27,728.99,738.898,0.03663,-0.014697,1827
2026-06-26,SPY,2026-09-30,0.263014,call,800.0,2.59,2.66,2.625,728.99,738.898,0.03663,-0.014697,95112
2026-06-26,SPY,2026-09-30,0.263014,call,805.0,2.06,2.12,2.09,728.99,738.898,0.03663,-0.014697,949
2026-06-26,SPY,2026-09-30,0.263014,call,810.0,1.63,1.69,1.66,728.99,738.898,0.03663,-0.014697,765
2026-06-26,SPY,2026-09-30,0.263014,call,815.0,1.29,1.35,1.32,728.99,738.898,0.03663,-0.014697,671
2026-06-26,SPY,2026-09-30,0.263014,call,820.0,1.02,1.07,1.045,728.99,738.898,0.03663,-0.014697,1709
2026-06-26,SPY,2026-09-30,0.263014,call,825.0,0.81,0.85,0.8300000000000001,728.99,738.898,0.03663,-0.014697,84811
2026-06-26,SPY,2026-09-30,0.263014,call,830.0,0.64,0.68,0.66,728.99,738.898,0.03663,-0.014697,928
2026-06-26,SPY,2026-09-30,0.263014,call,835.0,0.51,0.55,0.53,728.99,738.898,0.03663,-0.014697,311
2026-06-26,SPY,2026-10-30,0.345205,put,620.0,5.81,5.89,5.85,728.99,741.1256,0.03663,-0.011197,1595
2026-06-26,SPY,2026-10-30,0.345205,put,625.0,6.16,6.24,6.2,728.99,741.1256,0.03663,-0.011197,807
2026-06-26,SPY,2026-10-30,0.345205,put,630.0,6.54,6.62,6.58,728.99,741.1256,0.03663,-0.011197,446
2026-06-26,SPY,2026-10-30,0.345205,put,635.0,6.94,7.03,6.985,728.99,741.1256,0.03663,-0.011197,110
2026-06-26,SPY,2026-10-30,0.345205,put,640.0,7.37,7.46,7.415,728.99,741.1256,0.03663,-0.011197,188
2026-06-26,SPY,2026-10-30,0.345205,put,641.0,7.46,7.55,7.505,728.99,741.1256,0.03663,-0.011197,198
2026-06-26,SPY,2026-10-30,0.345205,put,642.0,7.55,7.64,7.595,728.99,741.1256,0.03663,-0.011197,112
2026-06-26,SPY,2026-10-30,0.345205,put,643.0,7.64,7.74,7.6899999999999995,728.99,741.1256,0.03663,-0.011197,174
2026-06-26,SPY,2026-10-30,0.345205,put,644.0,7.74,7.83,7.785,728.99,741.1256,0.03663,-0.011197,117
2026-06-26,SPY,2026-10-30,0.345205,put,645.0,7.83,7.93,7.88,728.99,741.1256,0.03663,-0.011197,228
2026-06-26,SPY,2026-10-30,0.345205,put,646.0,7.93,8.02,7.975,728.99,741.1256,0.03663,-0.011197,135
2026-06-26,SPY,2026-10-30,0.345205,put,647.0,8.03,8.12,8.075,728.99,741.1256,0.03663,-0.011197,36
2026-06-26,SPY,2026-10-30,0.345205,put,648.0,8.13,8.22,8.175,728.99,741.1256,0.03663,-0.011197,151
2026-06-26,SPY,2026-10-30,0.345205,put,649.0,8.23,8.32,8.275,728.99,741.1256,0.03663,-0.011197,32
2026-06-26,SPY,2026-10-30,0.345205,put,650.0,8.33,8.42,8.375,728.99,741.1256,0.03663,-0.011197,1373
2026-06-26,SPY,2026-10-30,0.345205,put,652.0,8.53,8.63,8.58,728.99,741.1256,0.03663,-0.011197,82
2026-06-26,SPY,2026-10-30,0.345205,put,653.0,8.64,8.74,8.690000000000001,728.99,741.1256,0.03663,-0.011197,260
2026-06-26,SPY,2026-10-30,0.345205,put,654.0,8.75,8.84,8.795,728.99,741.1256,0.03663,-0.011197,58
2026-06-26,SPY,2026-10-30,0.345205,put,655.0,8.85,8.95,8.899999999999999,728.99,741.1256,0.03663,-0.011197,79
2026-06-26,SPY,2026-10-30,0.345205,put,657.0,9.08,9.18,9.129999999999999,728.99,741.1256,0.03663,-0.011197,43
2026-06-26,SPY,2026-10-30,0.345205,put,658.0,9.19,9.29,9.239999999999998,728.99,741.1256,0.03663,-0.011197,56
2026-06-26,SPY,2026-10-30,0.345205,put,659.0,9.3,9.4,9.350000000000001,728.99,741.1256,0.03663,-0.011197,51
2026-06-26,SPY,2026-10-30,0.345205,put,660.0,9.42,9.52,9.469999999999999,728.99,741.1256,0.03663,-0.011197,279
2026-06-26,SPY,2026-10-30,0.345205,put,661.0,9.54,9.64,9.59,728.99,741.1256,0.03663,-0.011197,50
2026-06-26,SPY,2026-10-30,0.345205,put,662.0,9.66,9.76,9.71,728.99,741.1256,0.03663,-0.011197,95
2026-06-26,SPY,2026-10-30,0.345205,put,663.0,9.78,9.88,9.83,728.99,741.1256,0.03663,-0.011197,51
2026-06-26,SPY,2026-10-30,0.345205,put,664.0,9.9,10.0,9.95,728.99,741.1256,0.03663,-0.011197,53
2026-06-26,SPY,2026-10-30,0.345205,put,665.0,10.02,10.13,10.075,728.99,741.1256,0.03663,-0.011197,271
2026-06-26,SPY,2026-10-30,0.345205,put,666.0,10.15,10.25,10.2,728.99,741.1256,0.03663,-0.011197,25
2026-06-26,SPY,2026-10-30,0.345205,put,667.0,10.28,10.38,10.33,728.99,741.1256,0.03663,-0.011197,31
2026-06-26,SPY,2026-10-30,0.345205,put,669.0,10.54,10.65,10.594999999999999,728.99,741.1256,0.03663,-0.011197,43
2026-06-26,SPY,2026-10-30,0.345205,put,670.0,10.68,10.78,10.73,728.99,741.1256,0.03663,-0.011197,263
2026-06-26,SPY,2026-10-30,0.345205,put,671.0,10.81,10.92,10.865,728.99,741.1256,0.03663,-0.011197,47
2026-06-26,SPY,2026-10-30,0.345205,put,672.0,10.95,11.06,11.004999999999999,728.99,741.1256,0.03663,-0.011197,33
2026-06-26,SPY,2026-10-30,0.345205,put,673.0,11.09,11.2,11.145,728.99,741.1256,0.03663,-0.011197,208
2026-06-26,SPY,2026-10-30,0.345205,put,674.0,11.23,11.34,11.285,728.99,741.1256,0.03663,-0.011197,293
2026-06-26,SPY,2026-10-30,0.345205,put,675.0,11.37,11.48,11.425,728.99,741.1256,0.03663,-0.011197,426
2026-06-26,SPY,2026-10-30,0.345205,put,676.0,11.52,11.63,11.575,728.99,741.1256,0.03663,-0.011197,65
2026-06-26,SPY,2026-10-30,0.345205,put,677.0,11.67,11.78,11.725,728.99,741.1256,0.03663,-0.011197,149
2026-06-26,SPY,2026-10-30,0.345205,put,678.0,11.81,11.93,11.870000000000001,728.99,741.1256,0.03663,-0.011197,270
2026-06-26,SPY,2026-10-30,0.345205,put,679.0,11.97,12.08,12.025,728.99,741.1256,0.03663,-0.011197,105
2026-06-26,SPY,2026-10-30,0.345205,put,680.0,12.12,12.23,12.175,728.99,741.1256,0.03663,-0.011197,979
2026-06-26,SPY,2026-10-30,0.345205,put,681.0,12.28,12.39,12.335,728.99,741.1256,0.03663,-0.011197,263
2026-06-26,SPY,2026-10-30,0.345205,put,682.0,12.44,12.55,12.495000000000001,728.99,741.1256,0.03663,-0.011197,123
2026-06-26,SPY,2026-10-30,0.345205,put,683.0,12.6,12.71,12.655000000000001,728.99,741.1256,0.03663,-0.011197,397
2026-06-26,SPY,2026-10-30,0.345205,put,684.0,12.76,12.88,12.82,728.99,741.1256,0.03663,-0.011197,475
2026-06-26,SPY,2026-10-30,0.345205,put,685.0,12.93,13.04,12.985,728.99,741.1256,0.03663,-0.011197,1250
2026-06-26,SPY,2026-10-30,0.345205,put,686.0,13.1,13.21,13.155000000000001,728.99,741.1256,0.03663,-0.011197,297
2026-06-26,SPY,2026-10-30,0.345205,put,687.0,13.27,13.38,13.325,728.99,741.1256,0.03663,-0.011197,145
2026-06-26,SPY,2026-10-30,0.345205,put,688.0,13.44,13.56,13.5,728.99,741.1256,0.03663,-0.011197,119
2026-06-26,SPY,2026-10-30,0.345205,put,689.0,13.62,13.73,13.675,728.99,741.1256,0.03663,-0.011197,59
2026-06-26,SPY,2026-10-30,0.345205,put,690.0,13.79,13.91,13.85,728.99,741.1256,0.03663,-0.011197,802
2026-06-26,SPY,2026-10-30,0.345205,put,691.0,13.97,14.09,14.030000000000001,728.99,741.1256,0.03663,-0.011197,73
2026-06-26,SPY,2026-10-30,0.345205,put,692.0,14.16,14.28,14.219999999999999,728.99,741.1256,0.03663,-0.011197,41
2026-06-26,SPY,2026-10-30,0.345205,put,693.0,14.35,14.46,14.405000000000001,728.99,741.1256,0.03663,-0.011197,81
2026-06-26,SPY,2026-10-30,0.345205,put,695.0,14.73,14.85,14.79,728.99,741.1256,0.03663,-0.011197,101
2026-06-26,SPY,2026-10-30,0.345205,put,696.0,14.92,15.04,14.98,728.99,741.1256,0.03663,-0.011197,35
2026-06-26,SPY,2026-10-30,0.345205,put,697.0,15.12,15.24,15.18,728.99,741.1256,0.03663,-0.011197,42
2026-06-26,SPY,2026-10-30,0.345205,put,698.0,15.32,15.45,15.385,728.99,741.1256,0.03663,-0.011197,71
2026-06-26,SPY,2026-10-30,0.345205,put,699.0,15.53,15.65,15.59,728.99,741.1256,0.03663,-0.011197,45
2026-06-26,SPY,2026-10-30,0.345205,put,700.0,15.74,15.86,15.8,728.99,741.1256,0.03663,-0.011197,1174
2026-06-26,SPY,2026-10-30,0.345205,put,701.0,15.95,16.07,16.009999999999998,728.99,741.1256,0.03663,-0.011197,49
2026-06-26,SPY,2026-10-30,0.345205,put,702.0,16.16,16.29,16.225,728.99,741.1256,0.03663,-0.011197,51
2026-06-26,SPY,2026-10-30,0.345205,put,703.0,16.38,16.5,16.439999999999998,728.99,741.1256,0.03663,-0.011197,63
2026-06-26,SPY,2026-10-30,0.345205,put,704.0,16.6,16.73,16.665,728.99,741.1256,0.03663,-0.011197,43
2026-06-26,SPY,2026-10-30,0.345205,put,705.0,16.82,16.95,16.884999999999998,728.99,741.1256,0.03663,-0.011197,126
2026-06-26,SPY,2026-10-30,0.345205,put,706.0,17.05,17.18,17.115000000000002,728.99,741.1256,0.03663,-0.011197,163
2026-06-26,SPY,2026-10-30,0.345205,put,707.0,17.28,17.41,17.345,728.99,741.1256,0.03663,-0.011197,368
2026-06-26,SPY,2026-10-30,0.345205,put,708.0,17.52,17.65,17.585,728.99,741.1256,0.03663,-0.011197,83
2026-06-26,SPY,2026-10-30,0.345205,put,709.0,17.76,17.89,17.825000000000003,728.99,741.1256,0.03663,-0.011197,86
2026-06-26,SPY,2026-10-30,0.345205,put,710.0,18.0,18.13,18.064999999999998,728.99,741.1256,0.03663,-0.011197,1523
2026-06-26,SPY,2026-10-30,0.345205,put,711.0,18.25,18.38,18.314999999999998,728.99,741.1256,0.03663,-0.011197,70
2026-06-26,SPY,2026-10-30,0.345205,put,712.0,18.5,18.63,18.564999999999998,728.99,741.1256,0.03663,-0.011197,242
2026-06-26,SPY,2026-10-30,0.345205,put,713.0,18.75,18.89,18.82,728.99,741.1256,0.03663,-0.011197,633
2026-06-26,SPY,2026-10-30,0.345205,put,714.0,19.01,19.15,19.08,728.99,741.1256,0.03663,-0.011197,81
2026-06-26,SPY,2026-10-30,0.345205,put,715.0,19.27,19.41,19.34,728.99,741.1256,0.03663,-0.011197,490
2026-06-26,SPY,2026-10-30,0.345205,put,717.0,19.81,19.96,19.884999999999998,728.99,741.1256,0.03663,-0.011197,172
2026-06-26,SPY,2026-10-30,0.345205,put,718.0,20.09,20.24,20.165,728.99,741.1256,0.03663,-0.011197,87
2026-06-26,SPY,2026-10-30,0.345205,put,719.0,20.37,20.52,20.445,728.99,741.1256,0.03663,-0.011197,146
2026-06-26,SPY,2026-10-30,0.345205,put,720.0,20.66,20.81,20.735,728.99,741.1256,0.03663,-0.011197,787
2026-06-26,SPY,2026-10-30,0.345205,put,722.0,21.25,21.39,21.32,728.99,741.1256,0.03663,-0.011197,72
2026-06-26,SPY,2026-10-30,0.345205,put,723.0,21.55,21.7,21.625,728.99,741.1256,0.03663,-0.011197,25
2026-06-26,SPY,2026-10-30,0.345205,put,724.0,21.85,22.0,21.925,728.99,741.1256,0.03663,-0.011197,67
2026-06-26,SPY,2026-10-30,0.345205,put,725.0,22.17,22.32,22.245,728.99,741.1256,0.03663,-0.011197,272
2026-06-26,SPY,2026-10-30,0.345205,put,726.0,22.48,22.64,22.560000000000002,728.99,741.1256,0.03663,-0.011197,50
2026-06-26,SPY,2026-10-30,0.345205,put,727.0,22.81,22.96,22.884999999999998,728.99,741.1256,0.03663,-0.011197,50
2026-06-26,SPY,2026-10-30,0.345205,put,728.0,23.14,23.29,23.215,728.99,741.1256,0.03663,-0.011197,29
2026-06-26,SPY,2026-10-30,0.345205,put,729.0,23.47,23.63,23.549999999999997,728.99,741.1256,0.03663,-0.011197,48
2026-06-26,SPY,2026-10-30,0.345205,put,730.0,23.81,23.97,23.89,728.99,741.1256,0.03663,-0.011197,805
2026-06-26,SPY,2026-10-30,0.345205,put,731.0,24.15,24.31,24.229999999999997,728.99,741.1256,0.03663,-0.011197,30
2026-06-26,SPY,2026-10-30,0.345205,put,732.0,24.5,24.66,24.58,728.99,741.1256,0.03663,-0.011197,451
2026-06-26,SPY,2026-10-30,0.345205,put,733.0,24.86,25.02,24.939999999999998,728.99,741.1256,0.03663,-0.011197,176
2026-06-26,SPY,2026-10-30,0.345205,put,734.0,25.23,25.39,25.310000000000002,728.99,741.1256,0.03663,-0.011197,273
2026-06-26,SPY,2026-10-30,0.345205,put,735.0,25.6,25.76,25.68,728.99,741.1256,0.03663,-0.011197,911
2026-06-26,SPY,2026-10-30,0.345205,put,736.0,25.97,26.14,26.055,728.99,741.1256,0.03663,-0.011197,98
2026-06-26,SPY,2026-10-30,0.345205,put,737.0,26.35,26.52,26.435000000000002,728.99,741.1256,0.03663,-0.011197,139
2026-06-26,SPY,2026-10-30,0.345205,put,738.0,26.74,26.91,26.825,728.99,741.1256,0.03663,-0.011197,562
2026-06-26,SPY,2026-10-30,0.345205,put,739.0,27.14,27.31,27.225,728.99,741.1256,0.03663,-0.011197,190
2026-06-26,SPY,2026-10-30,0.345205,put,740.0,27.54,27.71,27.625,728.99,741.1256,0.03663,-0.011197,492
2026-06-26,SPY,2026-10-30,0.345205,put,741.0,27.95,28.12,28.035,728.99,741.1256,0.03663,-0.011197,31
2026-06-26,SPY,2026-10-30,0.345205,call,742.0,27.32,27.46,27.39,728.99,741.1256,0.03663,-0.011197,88
2026-06-26,SPY,2026-10-30,0.345205,call,743.0,26.73,26.87,26.8,728.99,741.1256,0.03663,-0.011197,807
2026-06-26,SPY,2026-10-30,0.345205,call,744.0,26.15,26.29,26.22,728.99,741.1256,0.03663,-0.011197,98
2026-06-26,SPY,2026-10-30,0.345205,call,745.0,25.58,25.71,25.645,728.99,741.1256,0.03663,-0.011197,944
2026-06-26,SPY,2026-10-30,0.345205,call,746.0,25.01,25.15,25.08,728.99,741.1256,0.03663,-0.011197,173
2026-06-26,SPY,2026-10-30,0.345205,call,750.0,22.8,22.94,22.87,728.99,741.1256,0.03663,-0.011197,2531
2026-06-26,SPY,2026-10-30,0.345205,call,755.0,20.2,20.33,20.265,728.99,741.1256,0.03663,-0.011197,338
2026-06-26,SPY,2026-10-30,0.345205,call,760.0,17.78,17.9,17.84,728.99,741.1256,0.03663,-0.011197,3097
2026-06-26,SPY,2026-10-30,0.345205,call,765.0,15.54,15.66,15.6,728.99,741.1256,0.03663,-0.011197,270
2026-06-26,SPY,2026-10-30,0.345205,call,770.0,13.5,13.62,13.559999999999999,728.99,741.1256,0.03663,-0.011197,3160
2026-06-26,SPY,2026-10-30,0.345205,call,775.0,11.65,11.76,11.705,728.99,741.1256,0.03663,-0.011197,1645
2026-06-26,SPY,2026-10-30,0.345205,call,780.0,9.99,10.09,10.04,728.99,741.1256,0.03663,-0.011197,5537
2026-06-26,SPY,2026-10-30,0.345205,call,785.0,8.51,8.61,8.559999999999999,728.99,741.1256,0.03663,-0.011197,348
2026-06-26,SPY,2026-10-30,0.345205,call,790.0,7.21,7.31,7.26,728.99,741.1256,0.03663,-0.011197,5736
2026-06-26,SPY,2026-10-30,0.345205,call,795.0,6.08,6.17,6.125,728.99,741.1256,0.03663,-0.011197,140
2026-06-26,SPY,2026-10-30,0.345205,call,800.0,5.09,5.18,5.135,728.99,741.1256,0.03663,-0.011197,5530
2026-06-26,SPY,2026-10-30,0.345205,call,805.0,4.25,4.33,4.29,728.99,741.1256,0.03663,-0.011197,245
2026-06-26,SPY,2026-10-30,0.345205,call,810.0,3.53,3.61,3.57,728.99,741.1256,0.03663,-0.011197,2121
2026-06-26,SPY,2026-10-30,0.345205,call,815.0,2.92,3.0,2.96,728.99,741.1256,0.03663,-0.011197,400
2026-06-26,SPY,2026-10-30,0.345205,call,820.0,2.41,2.48,2.4450000000000003,728.99,741.1256,0.03663,-0.011197,163
2026-06-26,SPY,2026-10-30,0.345205,call,825.0,1.98,2.05,2.0149999999999997,728.99,741.1256,0.03663,-0.011197,161
2026-06-26,SPY,2026-10-30,0.345205,call,830.0,1.63,1.69,1.66,728.99,741.1256,0.03663,-0.011197,228
2026-06-26,SPY,2026-10-30,0.345205,call,835.0,1.34,1.4,1.37,728.99,741.1256,0.03663,-0.011197,74
